ISO-10303-21;
HEADER;
/* Generated by software containing ST-Developer
 * from STEP Tools, Inc. (www.steptools.com) 
 */

FILE_DESCRIPTION(
/* description */ (''),
/* implementation_level */ '2;1');

FILE_NAME(
/* name */ 'Chamber Mount.step',
/* time_stamp */ '2026-05-21T14:21:04+02:00',
/* author */ (''),
/* organization */ (''),
/* preprocessor_version */ 'ST-DEVELOPER v20.1',
/* originating_system */ 'Autodesk Translation Framework v15.8.0.0',
/* authorisation */ '');

FILE_SCHEMA (('AUTOMOTIVE_DESIGN { 1 0 10303 214 3 1 1 }'));
ENDSEC;

DATA;
#10=MECHANICAL_DESIGN_GEOMETRIC_PRESENTATION_REPRESENTATION('',(#13),#3907);
#11=SHAPE_REPRESENTATION_RELATIONSHIP('SRR','None',#3914,#12);
#12=ADVANCED_BREP_SHAPE_REPRESENTATION('',(#14),#3906);
#13=STYLED_ITEM('',(#3923),#14);
#14=MANIFOLD_SOLID_BREP('Body1',#2351);
#15=FACE_BOUND('',#329,.T.);
#16=FACE_BOUND('',#330,.T.);
#17=FACE_BOUND('',#331,.T.);
#18=FACE_BOUND('',#332,.T.);
#19=FACE_BOUND('',#333,.T.);
#20=FACE_BOUND('',#334,.T.);
#21=FACE_BOUND('',#335,.T.);
#22=FACE_BOUND('',#336,.T.);
#23=FACE_BOUND('',#337,.T.);
#24=FACE_BOUND('',#338,.T.);
#25=FACE_BOUND('',#339,.T.);
#26=FACE_BOUND('',#340,.T.);
#27=FACE_BOUND('',#341,.T.);
#28=FACE_BOUND('',#342,.T.);
#29=FACE_BOUND('',#343,.T.);
#30=FACE_BOUND('',#344,.T.);
#31=FACE_BOUND('',#345,.T.);
#32=FACE_BOUND('',#369,.T.);
#33=FACE_BOUND('',#372,.T.);
#34=FACE_BOUND('',#390,.T.);
#35=FACE_BOUND('',#392,.T.);
#36=FACE_BOUND('',#403,.T.);
#37=FACE_BOUND('',#405,.T.);
#38=FACE_BOUND('',#419,.T.);
#39=FACE_BOUND('',#446,.T.);
#40=FACE_BOUND('',#448,.T.);
#41=FACE_BOUND('',#449,.T.);
#42=FACE_BOUND('',#450,.T.);
#43=FACE_BOUND('',#451,.T.);
#44=FACE_BOUND('',#452,.T.);
#45=FACE_BOUND('',#453,.T.);
#46=FACE_BOUND('',#454,.T.);
#47=FACE_BOUND('',#455,.T.);
#48=FACE_BOUND('',#456,.T.);
#49=FACE_BOUND('',#457,.T.);
#50=FACE_BOUND('',#458,.T.);
#51=FACE_BOUND('',#459,.T.);
#52=FACE_BOUND('',#460,.T.);
#53=FACE_BOUND('',#461,.T.);
#54=FACE_BOUND('',#462,.T.);
#55=CIRCLE('',#2389,0.500000007152341);
#56=CIRCLE('',#2390,0.5);
#57=CIRCLE('',#2401,0.5);
#58=CIRCLE('',#2402,0.500000006036166);
#59=CIRCLE('',#2419,3.);
#60=CIRCLE('',#2420,3.);
#61=CIRCLE('',#2421,3.);
#62=CIRCLE('',#2422,3.);
#63=CIRCLE('',#2423,3.50000000000001);
#64=CIRCLE('',#2424,3.50000000000001);
#65=CIRCLE('',#2425,3.75);
#66=CIRCLE('',#2426,3.75);
#67=CIRCLE('',#2427,3.50000000000001);
#68=CIRCLE('',#2428,3.50000000000001);
#69=CIRCLE('',#2429,3.50000000000001);
#70=CIRCLE('',#2430,3.50000000000001);
#71=CIRCLE('',#2431,3.50000000000001);
#72=CIRCLE('',#2432,3.50000000000001);
#73=CIRCLE('',#2433,3.50000000000001);
#74=CIRCLE('',#2434,3.50000000000001);
#75=CIRCLE('',#2435,3.75);
#76=CIRCLE('',#2436,3.75);
#77=CIRCLE('',#2437,3.50000000000001);
#78=CIRCLE('',#2438,3.50000000000001);
#79=CIRCLE('',#2454,0.5);
#80=CIRCLE('',#2459,0.500000008533914);
#81=CIRCLE('',#2474,2.20000003192958);
#82=CIRCLE('',#2477,2.19999999999999);
#83=CIRCLE('',#2479,0.500000007121026);
#84=CIRCLE('',#2484,0.5);
#85=CIRCLE('',#2499,2.19999999999999);
#86=CIRCLE('',#2501,2.19999999999999);
#87=CIRCLE('',#2503,2.20000001271313);
#88=CIRCLE('',#2505,2.19999999999999);
#89=CIRCLE('',#2514,2.19999999999999);
#90=CIRCLE('',#2516,2.19999999999999);
#91=CIRCLE('',#2520,3.);
#92=CIRCLE('',#2523,3.);
#93=CIRCLE('',#2525,3.);
#94=CIRCLE('',#2528,3.);
#95=CIRCLE('',#2539,3.50000000000001);
#96=CIRCLE('',#2541,3.50000000000001);
#97=CIRCLE('',#2544,3.75);
#98=CIRCLE('',#2547,3.75);
#99=CIRCLE('',#2549,3.50000000000001);
#100=CIRCLE('',#2551,3.50000000000001);
#101=CIRCLE('',#2553,3.50000000000001);
#102=CIRCLE('',#2555,3.50000000000001);
#103=CIRCLE('',#2557,3.50000000000001);
#104=CIRCLE('',#2559,3.50000000000001);
#105=CIRCLE('',#2561,3.50000000000001);
#106=CIRCLE('',#2563,3.50000000000001);
#107=CIRCLE('',#2565,3.75);
#108=CIRCLE('',#2568,3.75);
#109=CIRCLE('',#2571,3.50000000000001);
#110=CIRCLE('',#2573,3.50000000000001);
#111=PLANE('',#2388);
#112=PLANE('',#2391);
#113=PLANE('',#2392);
#114=PLANE('',#2393);
#115=PLANE('',#2394);
#116=PLANE('',#2395);
#117=PLANE('',#2396);
#118=PLANE('',#2397);
#119=PLANE('',#2398);
#120=PLANE('',#2399);
#121=PLANE('',#2400);
#122=PLANE('',#2418);
#123=PLANE('',#2444);
#124=PLANE('',#2450);
#125=PLANE('',#2451);
#126=PLANE('',#2452);
#127=PLANE('',#2460);
#128=PLANE('',#2461);
#129=PLANE('',#2467);
#130=PLANE('',#2473);
#131=PLANE('',#2475);
#132=PLANE('',#2476);
#133=PLANE('',#2485);
#134=PLANE('',#2486);
#135=PLANE('',#2487);
#136=PLANE('',#2488);
#137=PLANE('',#2489);
#138=PLANE('',#2490);
#139=PLANE('',#2491);
#140=PLANE('',#2492);
#141=PLANE('',#2493);
#142=PLANE('',#2494);
#143=PLANE('',#2495);
#144=PLANE('',#2496);
#145=PLANE('',#2497);
#146=PLANE('',#2498);
#147=PLANE('',#2500);
#148=PLANE('',#2506);
#149=PLANE('',#2507);
#150=PLANE('',#2508);
#151=PLANE('',#2509);
#152=PLANE('',#2510);
#153=PLANE('',#2511);
#154=PLANE('',#2512);
#155=PLANE('',#2513);
#156=PLANE('',#2515);
#157=PLANE('',#2521);
#158=PLANE('',#2526);
#159=PLANE('',#2529);
#160=PLANE('',#2530);
#161=PLANE('',#2531);
#162=PLANE('',#2532);
#163=PLANE('',#2533);
#164=PLANE('',#2534);
#165=PLANE('',#2535);
#166=PLANE('',#2536);
#167=PLANE('',#2537);
#168=PLANE('',#2542);
#169=PLANE('',#2545);
#170=PLANE('',#2566);
#171=PLANE('',#2569);
#172=PLANE('',#2574);
#173=PLANE('',#2575);
#174=PLANE('',#2576);
#175=FACE_OUTER_BOUND('',#299,.T.);
#176=FACE_OUTER_BOUND('',#300,.T.);
#177=FACE_OUTER_BOUND('',#301,.T.);
#178=FACE_OUTER_BOUND('',#302,.T.);
#179=FACE_OUTER_BOUND('',#303,.T.);
#180=FACE_OUTER_BOUND('',#304,.T.);
#181=FACE_OUTER_BOUND('',#305,.T.);
#182=FACE_OUTER_BOUND('',#306,.T.);
#183=FACE_OUTER_BOUND('',#307,.T.);
#184=FACE_OUTER_BOUND('',#308,.T.);
#185=FACE_OUTER_BOUND('',#309,.T.);
#186=FACE_OUTER_BOUND('',#310,.T.);
#187=FACE_OUTER_BOUND('',#311,.T.);
#188=FACE_OUTER_BOUND('',#312,.T.);
#189=FACE_OUTER_BOUND('',#313,.T.);
#190=FACE_OUTER_BOUND('',#314,.T.);
#191=FACE_OUTER_BOUND('',#315,.T.);
#192=FACE_OUTER_BOUND('',#316,.T.);
#193=FACE_OUTER_BOUND('',#317,.T.);
#194=FACE_OUTER_BOUND('',#318,.T.);
#195=FACE_OUTER_BOUND('',#319,.T.);
#196=FACE_OUTER_BOUND('',#320,.T.);
#197=FACE_OUTER_BOUND('',#321,.T.);
#198=FACE_OUTER_BOUND('',#322,.T.);
#199=FACE_OUTER_BOUND('',#323,.T.);
#200=FACE_OUTER_BOUND('',#324,.T.);
#201=FACE_OUTER_BOUND('',#325,.T.);
#202=FACE_OUTER_BOUND('',#326,.T.);
#203=FACE_OUTER_BOUND('',#327,.T.);
#204=FACE_OUTER_BOUND('',#328,.T.);
#205=FACE_OUTER_BOUND('',#346,.T.);
#206=FACE_OUTER_BOUND('',#347,.T.);
#207=FACE_OUTER_BOUND('',#348,.T.);
#208=FACE_OUTER_BOUND('',#349,.T.);
#209=FACE_OUTER_BOUND('',#350,.T.);
#210=FACE_OUTER_BOUND('',#351,.T.);
#211=FACE_OUTER_BOUND('',#352,.T.);
#212=FACE_OUTER_BOUND('',#353,.T.);
#213=FACE_OUTER_BOUND('',#354,.T.);
#214=FACE_OUTER_BOUND('',#355,.T.);
#215=FACE_OUTER_BOUND('',#356,.T.);
#216=FACE_OUTER_BOUND('',#357,.T.);
#217=FACE_OUTER_BOUND('',#358,.T.);
#218=FACE_OUTER_BOUND('',#359,.T.);
#219=FACE_OUTER_BOUND('',#360,.T.);
#220=FACE_OUTER_BOUND('',#361,.T.);
#221=FACE_OUTER_BOUND('',#362,.T.);
#222=FACE_OUTER_BOUND('',#363,.T.);
#223=FACE_OUTER_BOUND('',#364,.T.);
#224=FACE_OUTER_BOUND('',#365,.T.);
#225=FACE_OUTER_BOUND('',#366,.T.);
#226=FACE_OUTER_BOUND('',#367,.T.);
#227=FACE_OUTER_BOUND('',#368,.T.);
#228=FACE_OUTER_BOUND('',#370,.T.);
#229=FACE_OUTER_BOUND('',#371,.T.);
#230=FACE_OUTER_BOUND('',#373,.T.);
#231=FACE_OUTER_BOUND('',#374,.T.);
#232=FACE_OUTER_BOUND('',#375,.T.);
#233=FACE_OUTER_BOUND('',#376,.T.);
#234=FACE_OUTER_BOUND('',#377,.T.);
#235=FACE_OUTER_BOUND('',#378,.T.);
#236=FACE_OUTER_BOUND('',#379,.T.);
#237=FACE_OUTER_BOUND('',#380,.T.);
#238=FACE_OUTER_BOUND('',#381,.T.);
#239=FACE_OUTER_BOUND('',#382,.T.);
#240=FACE_OUTER_BOUND('',#383,.T.);
#241=FACE_OUTER_BOUND('',#384,.T.);
#242=FACE_OUTER_BOUND('',#385,.T.);
#243=FACE_OUTER_BOUND('',#386,.T.);
#244=FACE_OUTER_BOUND('',#387,.T.);
#245=FACE_OUTER_BOUND('',#388,.T.);
#246=FACE_OUTER_BOUND('',#389,.T.);
#247=FACE_OUTER_BOUND('',#391,.T.);
#248=FACE_OUTER_BOUND('',#393,.T.);
#249=FACE_OUTER_BOUND('',#394,.T.);
#250=FACE_OUTER_BOUND('',#395,.T.);
#251=FACE_OUTER_BOUND('',#396,.T.);
#252=FACE_OUTER_BOUND('',#397,.T.);
#253=FACE_OUTER_BOUND('',#398,.T.);
#254=FACE_OUTER_BOUND('',#399,.T.);
#255=FACE_OUTER_BOUND('',#400,.T.);
#256=FACE_OUTER_BOUND('',#401,.T.);
#257=FACE_OUTER_BOUND('',#402,.T.);
#258=FACE_OUTER_BOUND('',#404,.T.);
#259=FACE_OUTER_BOUND('',#406,.T.);
#260=FACE_OUTER_BOUND('',#407,.T.);
#261=FACE_OUTER_BOUND('',#408,.T.);
#262=FACE_OUTER_BOUND('',#409,.T.);
#263=FACE_OUTER_BOUND('',#410,.T.);
#264=FACE_OUTER_BOUND('',#411,.T.);
#265=FACE_OUTER_BOUND('',#412,.T.);
#266=FACE_OUTER_BOUND('',#413,.T.);
#267=FACE_OUTER_BOUND('',#414,.T.);
#268=FACE_OUTER_BOUND('',#415,.T.);
#269=FACE_OUTER_BOUND('',#416,.T.);
#270=FACE_OUTER_BOUND('',#417,.T.);
#271=FACE_OUTER_BOUND('',#418,.T.);
#272=FACE_OUTER_BOUND('',#420,.T.);
#273=FACE_OUTER_BOUND('',#421,.T.);
#274=FACE_OUTER_BOUND('',#422,.T.);
#275=FACE_OUTER_BOUND('',#423,.T.);
#276=FACE_OUTER_BOUND('',#424,.T.);
#277=FACE_OUTER_BOUND('',#425,.T.);
#278=FACE_OUTER_BOUND('',#426,.T.);
#279=FACE_OUTER_BOUND('',#427,.T.);
#280=FACE_OUTER_BOUND('',#428,.T.);
#281=FACE_OUTER_BOUND('',#429,.T.);
#282=FACE_OUTER_BOUND('',#430,.T.);
#283=FACE_OUTER_BOUND('',#431,.T.);
#284=FACE_OUTER_BOUND('',#432,.T.);
#285=FACE_OUTER_BOUND('',#433,.T.);
#286=FACE_OUTER_BOUND('',#434,.T.);
#287=FACE_OUTER_BOUND('',#435,.T.);
#288=FACE_OUTER_BOUND('',#436,.T.);
#289=FACE_OUTER_BOUND('',#437,.T.);
#290=FACE_OUTER_BOUND('',#438,.T.);
#291=FACE_OUTER_BOUND('',#439,.T.);
#292=FACE_OUTER_BOUND('',#440,.T.);
#293=FACE_OUTER_BOUND('',#441,.T.);
#294=FACE_OUTER_BOUND('',#442,.T.);
#295=FACE_OUTER_BOUND('',#443,.T.);
#296=FACE_OUTER_BOUND('',#444,.T.);
#297=FACE_OUTER_BOUND('',#445,.T.);
#298=FACE_OUTER_BOUND('',#447,.T.);
#299=EDGE_LOOP('',(#1511,#1512,#1513,#1514));
#300=EDGE_LOOP('',(#1515,#1516,#1517,#1518));
#301=EDGE_LOOP('',(#1519,#1520,#1521,#1522));
#302=EDGE_LOOP('',(#1523,#1524,#1525,#1526));
#303=EDGE_LOOP('',(#1527,#1528,#1529,#1530));
#304=EDGE_LOOP('',(#1531,#1532,#1533,#1534));
#305=EDGE_LOOP('',(#1535,#1536,#1537,#1538));
#306=EDGE_LOOP('',(#1539,#1540,#1541,#1542));
#307=EDGE_LOOP('',(#1543,#1544,#1545,#1546));
#308=EDGE_LOOP('',(#1547,#1548,#1549,#1550));
#309=EDGE_LOOP('',(#1551,#1552,#1553,#1554));
#310=EDGE_LOOP('',(#1555,#1556,#1557,#1558,#1559,#1560,#1561,#1562));
#311=EDGE_LOOP('',(#1563,#1564,#1565,#1566,#1567,#1568));
#312=EDGE_LOOP('',(#1569,#1570,#1571,#1572));
#313=EDGE_LOOP('',(#1573,#1574,#1575,#1576));
#314=EDGE_LOOP('',(#1577,#1578,#1579,#1580,#1581,#1582,#1583,#1584));
#315=EDGE_LOOP('',(#1585,#1586,#1587,#1588));
#316=EDGE_LOOP('',(#1589,#1590,#1591,#1592,#1593,#1594,#1595,#1596));
#317=EDGE_LOOP('',(#1597,#1598,#1599,#1600));
#318=EDGE_LOOP('',(#1601,#1602,#1603,#1604));
#319=EDGE_LOOP('',(#1605,#1606,#1607,#1608,#1609,#1610));
#320=EDGE_LOOP('',(#1611,#1612,#1613,#1614,#1615,#1616,#1617,#1618));
#321=EDGE_LOOP('',(#1619,#1620,#1621,#1622));
#322=EDGE_LOOP('',(#1623,#1624,#1625,#1626));
#323=EDGE_LOOP('',(#1627,#1628,#1629,#1630));
#324=EDGE_LOOP('',(#1631,#1632,#1633,#1634));
#325=EDGE_LOOP('',(#1635,#1636,#1637,#1638));
#326=EDGE_LOOP('',(#1639,#1640,#1641,#1642));
#327=EDGE_LOOP('',(#1643,#1644,#1645,#1646));
#328=EDGE_LOOP('',(#1647,#1648,#1649,#1650,#1651,#1652,#1653,#1654));
#329=EDGE_LOOP('',(#1655,#1656,#1657,#1658,#1659,#1660,#1661,#1662,#1663,
#1664,#1665,#1666,#1667,#1668,#1669,#1670,#1671,#1672,#1673,#1674,#1675,
#1676,#1677,#1678));
#330=EDGE_LOOP('',(#1679,#1680,#1681,#1682));
#331=EDGE_LOOP('',(#1683));
#332=EDGE_LOOP('',(#1684));
#333=EDGE_LOOP('',(#1685,#1686,#1687,#1688));
#334=EDGE_LOOP('',(#1689));
#335=EDGE_LOOP('',(#1690));
#336=EDGE_LOOP('',(#1691));
#337=EDGE_LOOP('',(#1692));
#338=EDGE_LOOP('',(#1693));
#339=EDGE_LOOP('',(#1694));
#340=EDGE_LOOP('',(#1695));
#341=EDGE_LOOP('',(#1696));
#342=EDGE_LOOP('',(#1697,#1698,#1699,#1700));
#343=EDGE_LOOP('',(#1701));
#344=EDGE_LOOP('',(#1702));
#345=EDGE_LOOP('',(#1703,#1704,#1705,#1706));
#346=EDGE_LOOP('',(#1707,#1708,#1709,#1710));
#347=EDGE_LOOP('',(#1711,#1712,#1713,#1714));
#348=EDGE_LOOP('',(#1715,#1716,#1717,#1718));
#349=EDGE_LOOP('',(#1719,#1720,#1721,#1722));
#350=EDGE_LOOP('',(#1723,#1724,#1725,#1726));
#351=EDGE_LOOP('',(#1727,#1728,#1729,#1730));
#352=EDGE_LOOP('',(#1731,#1732,#1733,#1734));
#353=EDGE_LOOP('',(#1735,#1736,#1737,#1738));
#354=EDGE_LOOP('',(#1739,#1740,#1741,#1742,#1743,#1744,#1745,#1746));
#355=EDGE_LOOP('',(#1747,#1748,#1749,#1750));
#356=EDGE_LOOP('',(#1751,#1752,#1753,#1754));
#357=EDGE_LOOP('',(#1755,#1756,#1757,#1758));
#358=EDGE_LOOP('',(#1759,#1760,#1761,#1762));
#359=EDGE_LOOP('',(#1763,#1764,#1765,#1766));
#360=EDGE_LOOP('',(#1767,#1768,#1769,#1770,#1771,#1772));
#361=EDGE_LOOP('',(#1773,#1774,#1775,#1776));
#362=EDGE_LOOP('',(#1777,#1778,#1779,#1780));
#363=EDGE_LOOP('',(#1781,#1782,#1783,#1784));
#364=EDGE_LOOP('',(#1785,#1786,#1787,#1788));
#365=EDGE_LOOP('',(#1789,#1790,#1791,#1792));
#366=EDGE_LOOP('',(#1793,#1794,#1795,#1796));
#367=EDGE_LOOP('',(#1797,#1798,#1799,#1800));
#368=EDGE_LOOP('',(#1801,#1802,#1803,#1804));
#369=EDGE_LOOP('',(#1805));
#370=EDGE_LOOP('',(#1806,#1807,#1808,#1809,#1810,#1811,#1812,#1813));
#371=EDGE_LOOP('',(#1814,#1815,#1816,#1817));
#372=EDGE_LOOP('',(#1818));
#373=EDGE_LOOP('',(#1819,#1820,#1821,#1822));
#374=EDGE_LOOP('',(#1823,#1824,#1825,#1826));
#375=EDGE_LOOP('',(#1827,#1828,#1829,#1830));
#376=EDGE_LOOP('',(#1831,#1832,#1833,#1834,#1835,#1836));
#377=EDGE_LOOP('',(#1837,#1838,#1839,#1840));
#378=EDGE_LOOP('',(#1841,#1842,#1843,#1844));
#379=EDGE_LOOP('',(#1845,#1846,#1847,#1848));
#380=EDGE_LOOP('',(#1849,#1850,#1851,#1852));
#381=EDGE_LOOP('',(#1853,#1854,#1855,#1856));
#382=EDGE_LOOP('',(#1857,#1858,#1859,#1860));
#383=EDGE_LOOP('',(#1861,#1862,#1863,#1864));
#384=EDGE_LOOP('',(#1865,#1866,#1867,#1868));
#385=EDGE_LOOP('',(#1869,#1870,#1871,#1872));
#386=EDGE_LOOP('',(#1873,#1874,#1875,#1876));
#387=EDGE_LOOP('',(#1877,#1878,#1879,#1880));
#388=EDGE_LOOP('',(#1881,#1882,#1883,#1884));
#389=EDGE_LOOP('',(#1885,#1886,#1887,#1888,#1889,#1890,#1891,#1892));
#390=EDGE_LOOP('',(#1893));
#391=EDGE_LOOP('',(#1894,#1895,#1896,#1897,#1898,#1899,#1900,#1901));
#392=EDGE_LOOP('',(#1902));
#393=EDGE_LOOP('',(#1903,#1904,#1905,#1906));
#394=EDGE_LOOP('',(#1907,#1908,#1909,#1910));
#395=EDGE_LOOP('',(#1911,#1912,#1913,#1914));
#396=EDGE_LOOP('',(#1915,#1916,#1917,#1918));
#397=EDGE_LOOP('',(#1919,#1920,#1921,#1922));
#398=EDGE_LOOP('',(#1923,#1924,#1925,#1926));
#399=EDGE_LOOP('',(#1927,#1928,#1929,#1930));
#400=EDGE_LOOP('',(#1931,#1932,#1933,#1934));
#401=EDGE_LOOP('',(#1935,#1936,#1937,#1938));
#402=EDGE_LOOP('',(#1939,#1940,#1941,#1942,#1943,#1944,#1945,#1946));
#403=EDGE_LOOP('',(#1947));
#404=EDGE_LOOP('',(#1948,#1949,#1950,#1951,#1952,#1953,#1954,#1955));
#405=EDGE_LOOP('',(#1956));
#406=EDGE_LOOP('',(#1957,#1958,#1959,#1960));
#407=EDGE_LOOP('',(#1961,#1962,#1963,#1964));
#408=EDGE_LOOP('',(#1965,#1966,#1967,#1968));
#409=EDGE_LOOP('',(#1969,#1970,#1971,#1972));
#410=EDGE_LOOP('',(#1973,#1974,#1975,#1976));
#411=EDGE_LOOP('',(#1977,#1978,#1979,#1980));
#412=EDGE_LOOP('',(#1981,#1982,#1983,#1984));
#413=EDGE_LOOP('',(#1985,#1986,#1987,#1988));
#414=EDGE_LOOP('',(#1989,#1990,#1991,#1992));
#415=EDGE_LOOP('',(#1993,#1994,#1995,#1996));
#416=EDGE_LOOP('',(#1997,#1998,#1999,#2000));
#417=EDGE_LOOP('',(#2001,#2002,#2003,#2004));
#418=EDGE_LOOP('',(#2005,#2006,#2007,#2008));
#419=EDGE_LOOP('',(#2009));
#420=EDGE_LOOP('',(#2010,#2011,#2012,#2013));
#421=EDGE_LOOP('',(#2014,#2015,#2016,#2017,#2018,#2019,#2020,#2021));
#422=EDGE_LOOP('',(#2022,#2023,#2024,#2025));
#423=EDGE_LOOP('',(#2026,#2027,#2028,#2029,#2030,#2031,#2032,#2033));
#424=EDGE_LOOP('',(#2034,#2035,#2036,#2037));
#425=EDGE_LOOP('',(#2038,#2039,#2040,#2041));
#426=EDGE_LOOP('',(#2042,#2043,#2044,#2045));
#427=EDGE_LOOP('',(#2046,#2047,#2048,#2049));
#428=EDGE_LOOP('',(#2050,#2051,#2052,#2053));
#429=EDGE_LOOP('',(#2054,#2055,#2056,#2057));
#430=EDGE_LOOP('',(#2058,#2059,#2060,#2061));
#431=EDGE_LOOP('',(#2062,#2063,#2064,#2065));
#432=EDGE_LOOP('',(#2066,#2067,#2068,#2069));
#433=EDGE_LOOP('',(#2070,#2071,#2072,#2073));
#434=EDGE_LOOP('',(#2074,#2075,#2076,#2077));
#435=EDGE_LOOP('',(#2078,#2079,#2080,#2081));
#436=EDGE_LOOP('',(#2082,#2083,#2084,#2085));
#437=EDGE_LOOP('',(#2086,#2087,#2088,#2089));
#438=EDGE_LOOP('',(#2090,#2091,#2092,#2093));
#439=EDGE_LOOP('',(#2094,#2095,#2096,#2097));
#440=EDGE_LOOP('',(#2098,#2099,#2100,#2101));
#441=EDGE_LOOP('',(#2102,#2103,#2104,#2105));
#442=EDGE_LOOP('',(#2106,#2107,#2108,#2109));
#443=EDGE_LOOP('',(#2110,#2111,#2112,#2113));
#444=EDGE_LOOP('',(#2114,#2115,#2116,#2117));
#445=EDGE_LOOP('',(#2118,#2119,#2120,#2121));
#446=EDGE_LOOP('',(#2122));
#447=EDGE_LOOP('',(#2123,#2124,#2125,#2126,#2127,#2128,#2129,#2130));
#448=EDGE_LOOP('',(#2131));
#449=EDGE_LOOP('',(#2132));
#450=EDGE_LOOP('',(#2133,#2134,#2135,#2136));
#451=EDGE_LOOP('',(#2137));
#452=EDGE_LOOP('',(#2138));
#453=EDGE_LOOP('',(#2139));
#454=EDGE_LOOP('',(#2140));
#455=EDGE_LOOP('',(#2141));
#456=EDGE_LOOP('',(#2142));
#457=EDGE_LOOP('',(#2143));
#458=EDGE_LOOP('',(#2144));
#459=EDGE_LOOP('',(#2145,#2146,#2147,#2148));
#460=EDGE_LOOP('',(#2149));
#461=EDGE_LOOP('',(#2150));
#462=EDGE_LOOP('',(#2151,#2152,#2153,#2154,#2155,#2156,#2157,#2158,#2159,
#2160,#2161,#2162,#2163,#2164,#2165,#2166));
#463=ELLIPSE('',#2366,0.707106781186522,0.5);
#464=ELLIPSE('',#2367,0.707166589864967,0.5);
#465=ELLIPSE('',#2369,0.707106781186522,0.5);
#466=ELLIPSE('',#2370,0.707106781186573,0.5);
#467=ELLIPSE('',#2372,0.707106781186472,0.5);
#468=ELLIPSE('',#2373,0.707106781186523,0.5);
#469=ELLIPSE('',#2375,0.707051850506355,0.5);
#470=ELLIPSE('',#2376,0.707091816526017,0.5);
#471=ELLIPSE('',#2378,0.707106781186529,0.5);
#472=ELLIPSE('',#2380,0.707066812629353,0.5);
#473=ELLIPSE('',#2384,0.707148680484519,0.5);
#474=ELLIPSE('',#2386,0.707124687383877,0.5);
#475=ELLIPSE('',#2404,0.707081189069027,0.5);
#476=ELLIPSE('',#2405,0.707132131761855,0.5);
#477=ELLIPSE('',#2407,0.707047118705738,0.5);
#478=ELLIPSE('',#2408,0.707085121031881,0.5);
#479=ELLIPSE('',#2410,0.707106781186524,0.5);
#480=ELLIPSE('',#2412,0.707106781186573,0.5);
#481=ELLIPSE('',#2414,0.707172112185835,0.5);
#482=ELLIPSE('',#2417,0.707129009242943,0.5);
#483=ELLIPSE('',#2440,0.707106781186573,0.5);
#484=ELLIPSE('',#2442,0.707166589864942,0.5);
#485=ELLIPSE('',#2446,0.707041224063328,0.5);
#486=ELLIPSE('',#2447,0.707106781186522,0.5);
#487=ELLIPSE('',#2455,0.707106781186573,0.5);
#488=ELLIPSE('',#2457,0.70717211218586,0.5);
#489=ELLIPSE('',#2463,0.707051850506386,0.5);
#490=ELLIPSE('',#2465,0.707106781186523,0.5);
#491=ELLIPSE('',#2469,0.707106781186573,0.5);
#492=ELLIPSE('',#2471,0.707167024775661,0.5);
#493=ELLIPSE('',#2480,0.707047118705769,0.5);
#494=ELLIPSE('',#2482,0.707106781186523,0.5);
#495=LINE('',#3247,#735);
#496=LINE('',#3251,#736);
#497=LINE('',#3256,#737);
#498=LINE('',#3260,#738);
#499=LINE('',#3265,#739);
#500=LINE('',#3269,#740);
#501=LINE('',#3274,#741);
#502=LINE('',#3278,#742);
#503=LINE('',#3282,#743);
#504=LINE('',#3285,#744);
#505=LINE('',#3288,#745);
#506=LINE('',#3290,#746);
#507=LINE('',#3293,#747);
#508=LINE('',#3294,#748);
#509=LINE('',#3296,#749);
#510=LINE('',#3297,#750);
#511=LINE('',#3300,#751);
#512=LINE('',#3302,#752);
#513=LINE('',#3306,#753);
#514=LINE('',#3308,#754);
#515=LINE('',#3311,#755);
#516=LINE('',#3312,#756);
#517=LINE('',#3315,#757);
#518=LINE('',#3319,#758);
#519=LINE('',#3323,#759);
#520=LINE('',#3325,#760);
#521=LINE('',#3326,#761);
#522=LINE('',#3329,#762);
#523=LINE('',#3331,#763);
#524=LINE('',#3333,#764);
#525=LINE('',#3334,#765);
#526=LINE('',#3337,#766);
#527=LINE('',#3338,#767);
#528=LINE('',#3341,#768);
#529=LINE('',#3342,#769);
#530=LINE('',#3345,#770);
#531=LINE('',#3347,#771);
#532=LINE('',#3349,#772);
#533=LINE('',#3350,#773);
#534=LINE('',#3351,#774);
#535=LINE('',#3354,#775);
#536=LINE('',#3355,#776);
#537=LINE('',#3358,#777);
#538=LINE('',#3360,#778);
#539=LINE('',#3362,#779);
#540=LINE('',#3364,#780);
#541=LINE('',#3366,#781);
#542=LINE('',#3367,#782);
#543=LINE('',#3370,#783);
#544=LINE('',#3371,#784);
#545=LINE('',#3374,#785);
#546=LINE('',#3375,#786);
#547=LINE('',#3378,#787);
#548=LINE('',#3379,#788);
#549=LINE('',#3380,#789);
#550=LINE('',#3383,#790);
#551=LINE('',#3385,#791);
#552=LINE('',#3387,#792);
#553=LINE('',#3391,#793);
#554=LINE('',#3396,#794);
#555=LINE('',#3400,#795);
#556=LINE('',#3405,#796);
#557=LINE('',#3409,#797);
#558=LINE('',#3413,#798);
#559=LINE('',#3416,#799);
#560=LINE('',#3419,#800);
#561=LINE('',#3421,#801);
#562=LINE('',#3425,#802);
#563=LINE('',#3427,#803);
#564=LINE('',#3430,#804);
#565=LINE('',#3431,#805);
#566=LINE('',#3434,#806);
#567=LINE('',#3437,#807);
#568=LINE('',#3443,#808);
#569=LINE('',#3447,#809);
#570=LINE('',#3451,#810);
#571=LINE('',#3454,#811);
#572=LINE('',#3456,#812);
#573=LINE('',#3458,#813);
#574=LINE('',#3459,#814);
#575=LINE('',#3461,#815);
#576=LINE('',#3463,#816);
#577=LINE('',#3464,#817);
#578=LINE('',#3467,#818);
#579=LINE('',#3469,#819);
#580=LINE('',#3471,#820);
#581=LINE('',#3472,#821);
#582=LINE('',#3479,#822);
#583=LINE('',#3483,#823);
#584=LINE('',#3505,#824);
#585=LINE('',#3508,#825);
#586=LINE('',#3515,#826);
#587=LINE('',#3517,#827);
#588=LINE('',#3519,#828);
#589=LINE('',#3520,#829);
#590=LINE('',#3522,#830);
#591=LINE('',#3524,#831);
#592=LINE('',#3528,#832);
#593=LINE('',#3531,#833);
#594=LINE('',#3533,#834);
#595=LINE('',#3537,#835);
#596=LINE('',#3541,#836);
#597=LINE('',#3543,#837);
#598=LINE('',#3546,#838);
#599=LINE('',#3548,#839);
#600=LINE('',#3549,#840);
#601=LINE('',#3552,#841);
#602=LINE('',#3554,#842);
#603=LINE('',#3556,#843);
#604=LINE('',#3558,#844);
#605=LINE('',#3560,#845);
#606=LINE('',#3561,#846);
#607=LINE('',#3563,#847);
#608=LINE('',#3566,#848);
#609=LINE('',#3570,#849);
#610=LINE('',#3574,#850);
#611=LINE('',#3578,#851);
#612=LINE('',#3581,#852);
#613=LINE('',#3584,#853);
#614=LINE('',#3585,#854);
#615=LINE('',#3588,#855);
#616=LINE('',#3589,#856);
#617=LINE('',#3590,#857);
#618=LINE('',#3593,#858);
#619=LINE('',#3597,#859);
#620=LINE('',#3600,#860);
#621=LINE('',#3601,#861);
#622=LINE('',#3603,#862);
#623=LINE('',#3606,#863);
#624=LINE('',#3611,#864);
#625=LINE('',#3613,#865);
#626=LINE('',#3616,#866);
#627=LINE('',#3617,#867);
#628=LINE('',#3622,#868);
#629=LINE('',#3624,#869);
#630=LINE('',#3626,#870);
#631=LINE('',#3628,#871);
#632=LINE('',#3630,#872);
#633=LINE('',#3631,#873);
#634=LINE('',#3634,#874);
#635=LINE('',#3635,#875);
#636=LINE('',#3640,#876);
#637=LINE('',#3644,#877);
#638=LINE('',#3648,#878);
#639=LINE('',#3652,#879);
#640=LINE('',#3655,#880);
#641=LINE('',#3657,#881);
#642=LINE('',#3659,#882);
#643=LINE('',#3660,#883);
#644=LINE('',#3663,#884);
#645=LINE('',#3664,#885);
#646=LINE('',#3668,#886);
#647=LINE('',#3670,#887);
#648=LINE('',#3673,#888);
#649=LINE('',#3675,#889);
#650=LINE('',#3676,#890);
#651=LINE('',#3680,#891);
#652=LINE('',#3681,#892);
#653=LINE('',#3682,#893);
#654=LINE('',#3685,#894);
#655=LINE('',#3687,#895);
#656=LINE('',#3688,#896);
#657=LINE('',#3692,#897);
#658=LINE('',#3693,#898);
#659=LINE('',#3694,#899);
#660=LINE('',#3697,#900);
#661=LINE('',#3699,#901);
#662=LINE('',#3700,#902);
#663=LINE('',#3703,#903);
#664=LINE('',#3705,#904);
#665=LINE('',#3706,#905);
#666=LINE('',#3708,#906);
#667=LINE('',#3709,#907);
#668=LINE('',#3719,#908);
#669=LINE('',#3722,#909);
#670=LINE('',#3726,#910);
#671=LINE('',#3728,#911);
#672=LINE('',#3729,#912);
#673=LINE('',#3733,#913);
#674=LINE('',#3734,#914);
#675=LINE('',#3735,#915);
#676=LINE('',#3738,#916);
#677=LINE('',#3740,#917);
#678=LINE('',#3741,#918);
#679=LINE('',#3745,#919);
#680=LINE('',#3746,#920);
#681=LINE('',#3747,#921);
#682=LINE('',#3750,#922);
#683=LINE('',#3752,#923);
#684=LINE('',#3753,#924);
#685=LINE('',#3756,#925);
#686=LINE('',#3758,#926);
#687=LINE('',#3759,#927);
#688=LINE('',#3761,#928);
#689=LINE('',#3762,#929);
#690=LINE('',#3770,#930);
#691=LINE('',#3772,#931);
#692=LINE('',#3777,#932);
#693=LINE('',#3778,#933);
#694=LINE('',#3781,#934);
#695=LINE('',#3782,#935);
#696=LINE('',#3786,#936);
#697=LINE('',#3791,#937);
#698=LINE('',#3792,#938);
#699=LINE('',#3795,#939);
#700=LINE('',#3796,#940);
#701=LINE('',#3800,#941);
#702=LINE('',#3802,#942);
#703=LINE('',#3804,#943);
#704=LINE('',#3811,#944);
#705=LINE('',#3812,#945);
#706=LINE('',#3815,#946);
#707=LINE('',#3816,#947);
#708=LINE('',#3818,#948);
#709=LINE('',#3822,#949);
#710=LINE('',#3826,#950);
#711=LINE('',#3829,#951);
#712=LINE('',#3831,#952);
#713=LINE('',#3832,#953);
#714=LINE('',#3836,#954);
#715=LINE('',#3839,#955);
#716=LINE('',#3840,#956);
#717=LINE('',#3846,#957);
#718=LINE('',#3850,#958);
#719=LINE('',#3854,#959);
#720=LINE('',#3858,#960);
#721=LINE('',#3862,#961);
#722=LINE('',#3866,#962);
#723=LINE('',#3870,#963);
#724=LINE('',#3874,#964);
#725=LINE('',#3877,#965);
#726=LINE('',#3880,#966);
#727=LINE('',#3883,#967);
#728=LINE('',#3884,#968);
#729=LINE('',#3888,#969);
#730=LINE('',#3890,#970);
#731=LINE('',#3894,#971);
#732=LINE('',#3898,#972);
#733=LINE('',#3900,#973);
#734=LINE('',#3902,#974);
#735=VECTOR('',#2581,10.);
#736=VECTOR('',#2584,10.);
#737=VECTOR('',#2589,10.);
#738=VECTOR('',#2592,10.);
#739=VECTOR('',#2597,10.);
#740=VECTOR('',#2600,10.);
#741=VECTOR('',#2605,10.);
#742=VECTOR('',#2608,10.);
#743=VECTOR('',#2613,10.);
#744=VECTOR('',#2616,10.);
#745=VECTOR('',#2619,10.);
#746=VECTOR('',#2620,10.);
#747=VECTOR('',#2625,10.);
#748=VECTOR('',#2626,10.);
#749=VECTOR('',#2629,10.);
#750=VECTOR('',#2630,10.);
#751=VECTOR('',#2633,10.);
#752=VECTOR('',#2634,10.);
#753=VECTOR('',#2639,10.);
#754=VECTOR('',#2640,10.);
#755=VECTOR('',#2645,10.);
#756=VECTOR('',#2646,10.);
#757=VECTOR('',#2649,10.);
#758=VECTOR('',#2652,10.);
#759=VECTOR('',#2655,10.);
#760=VECTOR('',#2656,10.);
#761=VECTOR('',#2657,10.);
#762=VECTOR('',#2660,10.);
#763=VECTOR('',#2661,10.);
#764=VECTOR('',#2662,10.);
#765=VECTOR('',#2663,10.);
#766=VECTOR('',#2666,10.);
#767=VECTOR('',#2667,10.);
#768=VECTOR('',#2670,10.);
#769=VECTOR('',#2671,10.);
#770=VECTOR('',#2674,10.);
#771=VECTOR('',#2675,10.);
#772=VECTOR('',#2676,10.);
#773=VECTOR('',#2677,10.);
#774=VECTOR('',#2678,10.);
#775=VECTOR('',#2681,10.);
#776=VECTOR('',#2682,10.);
#777=VECTOR('',#2685,10.);
#778=VECTOR('',#2686,10.);
#779=VECTOR('',#2687,10.);
#780=VECTOR('',#2688,10.);
#781=VECTOR('',#2689,10.);
#782=VECTOR('',#2690,10.);
#783=VECTOR('',#2693,10.);
#784=VECTOR('',#2694,10.);
#785=VECTOR('',#2697,10.);
#786=VECTOR('',#2698,10.);
#787=VECTOR('',#2701,10.);
#788=VECTOR('',#2702,10.);
#789=VECTOR('',#2703,10.);
#790=VECTOR('',#2706,10.);
#791=VECTOR('',#2707,10.);
#792=VECTOR('',#2708,10.);
#793=VECTOR('',#2711,10.);
#794=VECTOR('',#2716,10.);
#795=VECTOR('',#2719,10.);
#796=VECTOR('',#2724,10.);
#797=VECTOR('',#2727,10.);
#798=VECTOR('',#2732,10.);
#799=VECTOR('',#2735,10.);
#800=VECTOR('',#2738,10.);
#801=VECTOR('',#2739,10.);
#802=VECTOR('',#2744,10.);
#803=VECTOR('',#2745,10.);
#804=VECTOR('',#2750,10.);
#805=VECTOR('',#2751,10.);
#806=VECTOR('',#2754,10.);
#807=VECTOR('',#2757,10.);
#808=VECTOR('',#2762,10.);
#809=VECTOR('',#2765,10.);
#810=VECTOR('',#2768,10.);
#811=VECTOR('',#2771,10.);
#812=VECTOR('',#2772,10.);
#813=VECTOR('',#2773,10.);
#814=VECTOR('',#2774,10.);
#815=VECTOR('',#2775,10.);
#816=VECTOR('',#2776,10.);
#817=VECTOR('',#2777,10.);
#818=VECTOR('',#2778,10.);
#819=VECTOR('',#2779,10.);
#820=VECTOR('',#2780,10.);
#821=VECTOR('',#2781,10.);
#822=VECTOR('',#2786,10.);
#823=VECTOR('',#2789,10.);
#824=VECTOR('',#2810,10.);
#825=VECTOR('',#2813,10.);
#826=VECTOR('',#2818,10.);
#827=VECTOR('',#2819,10.);
#828=VECTOR('',#2820,10.);
#829=VECTOR('',#2821,10.);
#830=VECTOR('',#2824,10.);
#831=VECTOR('',#2825,10.);
#832=VECTOR('',#2830,10.);
#833=VECTOR('',#2835,10.);
#834=VECTOR('',#2838,10.);
#835=VECTOR('',#2841,10.);
#836=VECTOR('',#2848,10.);
#837=VECTOR('',#2851,10.);
#838=VECTOR('',#2854,10.);
#839=VECTOR('',#2855,10.);
#840=VECTOR('',#2856,10.);
#841=VECTOR('',#2859,10.);
#842=VECTOR('',#2860,10.);
#843=VECTOR('',#2861,10.);
#844=VECTOR('',#2862,10.);
#845=VECTOR('',#2863,10.);
#846=VECTOR('',#2864,10.);
#847=VECTOR('',#2867,10.);
#848=VECTOR('',#2870,10.);
#849=VECTOR('',#2873,10.);
#850=VECTOR('',#2878,10.);
#851=VECTOR('',#2883,10.);
#852=VECTOR('',#2886,10.);
#853=VECTOR('',#2889,10.);
#854=VECTOR('',#2890,10.);
#855=VECTOR('',#2893,10.);
#856=VECTOR('',#2894,10.);
#857=VECTOR('',#2895,10.);
#858=VECTOR('',#2898,10.);
#859=VECTOR('',#2903,10.);
#860=VECTOR('',#2908,10.);
#861=VECTOR('',#2909,10.);
#862=VECTOR('',#2912,10.);
#863=VECTOR('',#2915,10.);
#864=VECTOR('',#2922,10.);
#865=VECTOR('',#2925,10.);
#866=VECTOR('',#2928,10.);
#867=VECTOR('',#2929,10.);
#868=VECTOR('',#2934,10.);
#869=VECTOR('',#2935,10.);
#870=VECTOR('',#2936,10.);
#871=VECTOR('',#2937,10.);
#872=VECTOR('',#2938,10.);
#873=VECTOR('',#2939,10.);
#874=VECTOR('',#2942,10.);
#875=VECTOR('',#2943,10.);
#876=VECTOR('',#2948,10.);
#877=VECTOR('',#2951,10.);
#878=VECTOR('',#2956,10.);
#879=VECTOR('',#2961,10.);
#880=VECTOR('',#2964,10.);
#881=VECTOR('',#2967,10.);
#882=VECTOR('',#2968,10.);
#883=VECTOR('',#2969,10.);
#884=VECTOR('',#2972,10.);
#885=VECTOR('',#2973,10.);
#886=VECTOR('',#2980,10.);
#887=VECTOR('',#2983,10.);
#888=VECTOR('',#2986,10.);
#889=VECTOR('',#2987,10.);
#890=VECTOR('',#2988,10.);
#891=VECTOR('',#2991,10.);
#892=VECTOR('',#2992,10.);
#893=VECTOR('',#2993,10.);
#894=VECTOR('',#2996,10.);
#895=VECTOR('',#2997,10.);
#896=VECTOR('',#2998,10.);
#897=VECTOR('',#3001,10.);
#898=VECTOR('',#3002,10.);
#899=VECTOR('',#3003,10.);
#900=VECTOR('',#3006,10.);
#901=VECTOR('',#3007,10.);
#902=VECTOR('',#3008,10.);
#903=VECTOR('',#3011,10.);
#904=VECTOR('',#3012,10.);
#905=VECTOR('',#3013,10.);
#906=VECTOR('',#3016,10.);
#907=VECTOR('',#3017,10.);
#908=VECTOR('',#3030,2.19999999999999);
#909=VECTOR('',#3033,2.19999999999999);
#910=VECTOR('',#3038,10.);
#911=VECTOR('',#3039,10.);
#912=VECTOR('',#3040,10.);
#913=VECTOR('',#3043,10.);
#914=VECTOR('',#3044,10.);
#915=VECTOR('',#3045,10.);
#916=VECTOR('',#3048,10.);
#917=VECTOR('',#3049,10.);
#918=VECTOR('',#3050,10.);
#919=VECTOR('',#3053,10.);
#920=VECTOR('',#3054,10.);
#921=VECTOR('',#3055,10.);
#922=VECTOR('',#3058,10.);
#923=VECTOR('',#3059,10.);
#924=VECTOR('',#3060,10.);
#925=VECTOR('',#3063,10.);
#926=VECTOR('',#3064,10.);
#927=VECTOR('',#3065,10.);
#928=VECTOR('',#3068,10.);
#929=VECTOR('',#3069,10.);
#930=VECTOR('',#3080,2.19999999999999);
#931=VECTOR('',#3083,2.19999999999999);
#932=VECTOR('',#3088,10.);
#933=VECTOR('',#3089,10.);
#934=VECTOR('',#3092,10.);
#935=VECTOR('',#3093,10.);
#936=VECTOR('',#3098,10.);
#937=VECTOR('',#3103,10.);
#938=VECTOR('',#3104,10.);
#939=VECTOR('',#3107,10.);
#940=VECTOR('',#3108,10.);
#941=VECTOR('',#3113,10.);
#942=VECTOR('',#3116,10.);
#943=VECTOR('',#3119,10.);
#944=VECTOR('',#3130,10.);
#945=VECTOR('',#3131,10.);
#946=VECTOR('',#3134,10.);
#947=VECTOR('',#3135,10.);
#948=VECTOR('',#3138,10.);
#949=VECTOR('',#3143,3.50000000000001);
#950=VECTOR('',#3148,3.50000000000001);
#951=VECTOR('',#3151,10.);
#952=VECTOR('',#3152,10.);
#953=VECTOR('',#3153,10.);
#954=VECTOR('',#3158,10.);
#955=VECTOR('',#3161,10.);
#956=VECTOR('',#3162,10.);
#957=VECTOR('',#3171,3.50000000000001);
#958=VECTOR('',#3176,3.50000000000001);
#959=VECTOR('',#3181,3.50000000000001);
#960=VECTOR('',#3186,3.50000000000001);
#961=VECTOR('',#3191,3.50000000000001);
#962=VECTOR('',#3196,3.50000000000001);
#963=VECTOR('',#3201,3.50000000000001);
#964=VECTOR('',#3206,3.50000000000001);
#965=VECTOR('',#3209,10.);
#966=VECTOR('',#3212,10.);
#967=VECTOR('',#3215,10.);
#968=VECTOR('',#3216,10.);
#969=VECTOR('',#3221,10.);
#970=VECTOR('',#3224,10.);
#971=VECTOR('',#3229,3.50000000000001);
#972=VECTOR('',#3234,3.50000000000001);
#973=VECTOR('',#3237,10.);
#974=VECTOR('',#3240,10.);
#975=VERTEX_POINT('',#3245);
#976=VERTEX_POINT('',#3246);
#977=VERTEX_POINT('',#3248);
#978=VERTEX_POINT('',#3250);
#979=VERTEX_POINT('',#3254);
#980=VERTEX_POINT('',#3255);
#981=VERTEX_POINT('',#3257);
#982=VERTEX_POINT('',#3259);
#983=VERTEX_POINT('',#3263);
#984=VERTEX_POINT('',#3264);
#985=VERTEX_POINT('',#3266);
#986=VERTEX_POINT('',#3268);
#987=VERTEX_POINT('',#3272);
#988=VERTEX_POINT('',#3273);
#989=VERTEX_POINT('',#3275);
#990=VERTEX_POINT('',#3277);
#991=VERTEX_POINT('',#3281);
#992=VERTEX_POINT('',#3283);
#993=VERTEX_POINT('',#3287);
#994=VERTEX_POINT('',#3289);
#995=VERTEX_POINT('',#3299);
#996=VERTEX_POINT('',#3301);
#997=VERTEX_POINT('',#3305);
#998=VERTEX_POINT('',#3307);
#999=VERTEX_POINT('',#3314);
#1000=VERTEX_POINT('',#3316);
#1001=VERTEX_POINT('',#3318);
#1002=VERTEX_POINT('',#3320);
#1003=VERTEX_POINT('',#3322);
#1004=VERTEX_POINT('',#3324);
#1005=VERTEX_POINT('',#3328);
#1006=VERTEX_POINT('',#3330);
#1007=VERTEX_POINT('',#3332);
#1008=VERTEX_POINT('',#3336);
#1009=VERTEX_POINT('',#3340);
#1010=VERTEX_POINT('',#3344);
#1011=VERTEX_POINT('',#3346);
#1012=VERTEX_POINT('',#3348);
#1013=VERTEX_POINT('',#3353);
#1014=VERTEX_POINT('',#3357);
#1015=VERTEX_POINT('',#3359);
#1016=VERTEX_POINT('',#3361);
#1017=VERTEX_POINT('',#3363);
#1018=VERTEX_POINT('',#3365);
#1019=VERTEX_POINT('',#3369);
#1020=VERTEX_POINT('',#3373);
#1021=VERTEX_POINT('',#3377);
#1022=VERTEX_POINT('',#3382);
#1023=VERTEX_POINT('',#3384);
#1024=VERTEX_POINT('',#3386);
#1025=VERTEX_POINT('',#3388);
#1026=VERTEX_POINT('',#3390);
#1027=VERTEX_POINT('',#3394);
#1028=VERTEX_POINT('',#3395);
#1029=VERTEX_POINT('',#3397);
#1030=VERTEX_POINT('',#3399);
#1031=VERTEX_POINT('',#3403);
#1032=VERTEX_POINT('',#3404);
#1033=VERTEX_POINT('',#3406);
#1034=VERTEX_POINT('',#3408);
#1035=VERTEX_POINT('',#3412);
#1036=VERTEX_POINT('',#3414);
#1037=VERTEX_POINT('',#3418);
#1038=VERTEX_POINT('',#3420);
#1039=VERTEX_POINT('',#3424);
#1040=VERTEX_POINT('',#3426);
#1041=VERTEX_POINT('',#3433);
#1042=VERTEX_POINT('',#3435);
#1043=VERTEX_POINT('',#3439);
#1044=VERTEX_POINT('',#3440);
#1045=VERTEX_POINT('',#3442);
#1046=VERTEX_POINT('',#3444);
#1047=VERTEX_POINT('',#3446);
#1048=VERTEX_POINT('',#3448);
#1049=VERTEX_POINT('',#3450);
#1050=VERTEX_POINT('',#3452);
#1051=VERTEX_POINT('',#3455);
#1052=VERTEX_POINT('',#3457);
#1053=VERTEX_POINT('',#3460);
#1054=VERTEX_POINT('',#3462);
#1055=VERTEX_POINT('',#3465);
#1056=VERTEX_POINT('',#3466);
#1057=VERTEX_POINT('',#3468);
#1058=VERTEX_POINT('',#3470);
#1059=VERTEX_POINT('',#3473);
#1060=VERTEX_POINT('',#3475);
#1061=VERTEX_POINT('',#3477);
#1062=VERTEX_POINT('',#3478);
#1063=VERTEX_POINT('',#3480);
#1064=VERTEX_POINT('',#3482);
#1065=VERTEX_POINT('',#3485);
#1066=VERTEX_POINT('',#3487);
#1067=VERTEX_POINT('',#3489);
#1068=VERTEX_POINT('',#3491);
#1069=VERTEX_POINT('',#3493);
#1070=VERTEX_POINT('',#3495);
#1071=VERTEX_POINT('',#3497);
#1072=VERTEX_POINT('',#3499);
#1073=VERTEX_POINT('',#3501);
#1074=VERTEX_POINT('',#3502);
#1075=VERTEX_POINT('',#3504);
#1076=VERTEX_POINT('',#3506);
#1077=VERTEX_POINT('',#3509);
#1078=VERTEX_POINT('',#3511);
#1079=VERTEX_POINT('',#3513);
#1080=VERTEX_POINT('',#3514);
#1081=VERTEX_POINT('',#3516);
#1082=VERTEX_POINT('',#3518);
#1083=VERTEX_POINT('',#3523);
#1084=VERTEX_POINT('',#3527);
#1085=VERTEX_POINT('',#3535);
#1086=VERTEX_POINT('',#3536);
#1087=VERTEX_POINT('',#3545);
#1088=VERTEX_POINT('',#3547);
#1089=VERTEX_POINT('',#3551);
#1090=VERTEX_POINT('',#3553);
#1091=VERTEX_POINT('',#3555);
#1092=VERTEX_POINT('',#3557);
#1093=VERTEX_POINT('',#3559);
#1094=VERTEX_POINT('',#3565);
#1095=VERTEX_POINT('',#3567);
#1096=VERTEX_POINT('',#3569);
#1097=VERTEX_POINT('',#3573);
#1098=VERTEX_POINT('',#3577);
#1099=VERTEX_POINT('',#3579);
#1100=VERTEX_POINT('',#3583);
#1101=VERTEX_POINT('',#3587);
#1102=VERTEX_POINT('',#3592);
#1103=VERTEX_POINT('',#3596);
#1104=VERTEX_POINT('',#3605);
#1105=VERTEX_POINT('',#3609);
#1106=VERTEX_POINT('',#3615);
#1107=VERTEX_POINT('',#3618);
#1108=VERTEX_POINT('',#3621);
#1109=VERTEX_POINT('',#3623);
#1110=VERTEX_POINT('',#3625);
#1111=VERTEX_POINT('',#3627);
#1112=VERTEX_POINT('',#3629);
#1113=VERTEX_POINT('',#3633);
#1114=VERTEX_POINT('',#3636);
#1115=VERTEX_POINT('',#3639);
#1116=VERTEX_POINT('',#3641);
#1117=VERTEX_POINT('',#3643);
#1118=VERTEX_POINT('',#3647);
#1119=VERTEX_POINT('',#3651);
#1120=VERTEX_POINT('',#3653);
#1121=VERTEX_POINT('',#3658);
#1122=VERTEX_POINT('',#3662);
#1123=VERTEX_POINT('',#3672);
#1124=VERTEX_POINT('',#3674);
#1125=VERTEX_POINT('',#3678);
#1126=VERTEX_POINT('',#3679);
#1127=VERTEX_POINT('',#3684);
#1128=VERTEX_POINT('',#3686);
#1129=VERTEX_POINT('',#3690);
#1130=VERTEX_POINT('',#3691);
#1131=VERTEX_POINT('',#3696);
#1132=VERTEX_POINT('',#3698);
#1133=VERTEX_POINT('',#3702);
#1134=VERTEX_POINT('',#3704);
#1135=VERTEX_POINT('',#3711);
#1136=VERTEX_POINT('',#3714);
#1137=VERTEX_POINT('',#3717);
#1138=VERTEX_POINT('',#3721);
#1139=VERTEX_POINT('',#3725);
#1140=VERTEX_POINT('',#3727);
#1141=VERTEX_POINT('',#3731);
#1142=VERTEX_POINT('',#3732);
#1143=VERTEX_POINT('',#3737);
#1144=VERTEX_POINT('',#3739);
#1145=VERTEX_POINT('',#3743);
#1146=VERTEX_POINT('',#3744);
#1147=VERTEX_POINT('',#3749);
#1148=VERTEX_POINT('',#3751);
#1149=VERTEX_POINT('',#3755);
#1150=VERTEX_POINT('',#3757);
#1151=VERTEX_POINT('',#3764);
#1152=VERTEX_POINT('',#3767);
#1153=VERTEX_POINT('',#3774);
#1154=VERTEX_POINT('',#3775);
#1155=VERTEX_POINT('',#3780);
#1156=VERTEX_POINT('',#3784);
#1157=VERTEX_POINT('',#3788);
#1158=VERTEX_POINT('',#3789);
#1159=VERTEX_POINT('',#3794);
#1160=VERTEX_POINT('',#3798);
#1161=VERTEX_POINT('',#3810);
#1162=VERTEX_POINT('',#3814);
#1163=VERTEX_POINT('',#3820);
#1164=VERTEX_POINT('',#3824);
#1165=VERTEX_POINT('',#3828);
#1166=VERTEX_POINT('',#3830);
#1167=VERTEX_POINT('',#3834);
#1168=VERTEX_POINT('',#3838);
#1169=VERTEX_POINT('',#3844);
#1170=VERTEX_POINT('',#3848);
#1171=VERTEX_POINT('',#3852);
#1172=VERTEX_POINT('',#3856);
#1173=VERTEX_POINT('',#3860);
#1174=VERTEX_POINT('',#3864);
#1175=VERTEX_POINT('',#3868);
#1176=VERTEX_POINT('',#3872);
#1177=VERTEX_POINT('',#3876);
#1178=VERTEX_POINT('',#3878);
#1179=VERTEX_POINT('',#3882);
#1180=VERTEX_POINT('',#3886);
#1181=VERTEX_POINT('',#3892);
#1182=VERTEX_POINT('',#3896);
#1183=EDGE_CURVE('',#975,#976,#495,.T.);
#1184=EDGE_CURVE('',#976,#977,#463,.F.);
#1185=EDGE_CURVE('',#977,#978,#496,.T.);
#1186=EDGE_CURVE('',#978,#975,#464,.T.);
#1187=EDGE_CURVE('',#979,#980,#497,.T.);
#1188=EDGE_CURVE('',#980,#981,#465,.T.);
#1189=EDGE_CURVE('',#981,#982,#498,.T.);
#1190=EDGE_CURVE('',#982,#979,#466,.T.);
#1191=EDGE_CURVE('',#983,#984,#499,.T.);
#1192=EDGE_CURVE('',#984,#985,#467,.T.);
#1193=EDGE_CURVE('',#985,#986,#500,.T.);
#1194=EDGE_CURVE('',#986,#983,#468,.T.);
#1195=EDGE_CURVE('',#987,#988,#501,.T.);
#1196=EDGE_CURVE('',#988,#989,#469,.T.);
#1197=EDGE_CURVE('',#989,#990,#502,.T.);
#1198=EDGE_CURVE('',#990,#987,#470,.T.);
#1199=EDGE_CURVE('',#988,#991,#503,.T.);
#1200=EDGE_CURVE('',#991,#992,#471,.F.);
#1201=EDGE_CURVE('',#992,#989,#504,.T.);
#1202=EDGE_CURVE('',#993,#987,#505,.T.);
#1203=EDGE_CURVE('',#990,#994,#506,.T.);
#1204=EDGE_CURVE('',#994,#993,#472,.T.);
#1205=EDGE_CURVE('',#984,#993,#507,.T.);
#1206=EDGE_CURVE('',#994,#985,#508,.T.);
#1207=EDGE_CURVE('',#980,#983,#509,.T.);
#1208=EDGE_CURVE('',#986,#981,#510,.T.);
#1209=EDGE_CURVE('',#995,#979,#511,.T.);
#1210=EDGE_CURVE('',#982,#996,#512,.T.);
#1211=EDGE_CURVE('',#996,#995,#473,.T.);
#1212=EDGE_CURVE('',#997,#995,#513,.T.);
#1213=EDGE_CURVE('',#996,#998,#514,.T.);
#1214=EDGE_CURVE('',#998,#997,#474,.T.);
#1215=EDGE_CURVE('',#978,#997,#515,.T.);
#1216=EDGE_CURVE('',#998,#975,#516,.T.);
#1217=EDGE_CURVE('',#999,#975,#517,.T.);
#1218=EDGE_CURVE('',#1000,#999,#55,.F.);
#1219=EDGE_CURVE('',#1001,#1000,#518,.T.);
#1220=EDGE_CURVE('',#1002,#1001,#56,.F.);
#1221=EDGE_CURVE('',#1002,#1003,#519,.T.);
#1222=EDGE_CURVE('',#1004,#1003,#520,.T.);
#1223=EDGE_CURVE('',#976,#1004,#521,.T.);
#1224=EDGE_CURVE('',#1005,#998,#522,.T.);
#1225=EDGE_CURVE('',#1005,#1006,#523,.T.);
#1226=EDGE_CURVE('',#1007,#1006,#524,.T.);
#1227=EDGE_CURVE('',#999,#1007,#525,.T.);
#1228=EDGE_CURVE('',#1008,#996,#526,.T.);
#1229=EDGE_CURVE('',#1008,#1005,#527,.T.);
#1230=EDGE_CURVE('',#1009,#982,#528,.T.);
#1231=EDGE_CURVE('',#1009,#1008,#529,.T.);
#1232=EDGE_CURVE('',#981,#1010,#530,.T.);
#1233=EDGE_CURVE('',#1011,#1010,#531,.T.);
#1234=EDGE_CURVE('',#1012,#1011,#532,.T.);
#1235=EDGE_CURVE('',#1007,#1012,#533,.T.);
#1236=EDGE_CURVE('',#1006,#1009,#534,.T.);
#1237=EDGE_CURVE('',#986,#1013,#535,.T.);
#1238=EDGE_CURVE('',#1010,#1013,#536,.T.);
#1239=EDGE_CURVE('',#985,#1014,#537,.T.);
#1240=EDGE_CURVE('',#1014,#1015,#538,.T.);
#1241=EDGE_CURVE('',#1015,#1016,#539,.T.);
#1242=EDGE_CURVE('',#1017,#1016,#540,.T.);
#1243=EDGE_CURVE('',#1017,#1018,#541,.T.);
#1244=EDGE_CURVE('',#1013,#1018,#542,.T.);
#1245=EDGE_CURVE('',#1019,#994,#543,.T.);
#1246=EDGE_CURVE('',#1019,#1014,#544,.T.);
#1247=EDGE_CURVE('',#1020,#990,#545,.T.);
#1248=EDGE_CURVE('',#1020,#1019,#546,.T.);
#1249=EDGE_CURVE('',#989,#1021,#547,.T.);
#1250=EDGE_CURVE('',#1016,#1021,#548,.T.);
#1251=EDGE_CURVE('',#1015,#1020,#549,.T.);
#1252=EDGE_CURVE('',#992,#1022,#550,.T.);
#1253=EDGE_CURVE('',#1023,#1022,#551,.T.);
#1254=EDGE_CURVE('',#1024,#1023,#552,.T.);
#1255=EDGE_CURVE('',#1025,#1024,#57,.F.);
#1256=EDGE_CURVE('',#1025,#1026,#553,.T.);
#1257=EDGE_CURVE('',#1021,#1026,#58,.F.);
#1258=EDGE_CURVE('',#1027,#1028,#554,.T.);
#1259=EDGE_CURVE('',#1028,#1029,#475,.F.);
#1260=EDGE_CURVE('',#1029,#1030,#555,.T.);
#1261=EDGE_CURVE('',#1030,#1027,#476,.T.);
#1262=EDGE_CURVE('',#1031,#1032,#556,.T.);
#1263=EDGE_CURVE('',#1032,#1033,#477,.T.);
#1264=EDGE_CURVE('',#1033,#1034,#557,.T.);
#1265=EDGE_CURVE('',#1034,#1031,#478,.T.);
#1266=EDGE_CURVE('',#1032,#1035,#558,.T.);
#1267=EDGE_CURVE('',#1035,#1036,#479,.T.);
#1268=EDGE_CURVE('',#1036,#1033,#559,.T.);
#1269=EDGE_CURVE('',#1037,#1036,#560,.T.);
#1270=EDGE_CURVE('',#1035,#1038,#561,.T.);
#1271=EDGE_CURVE('',#1038,#1037,#480,.T.);
#1272=EDGE_CURVE('',#1039,#1037,#562,.T.);
#1273=EDGE_CURVE('',#1038,#1040,#563,.T.);
#1274=EDGE_CURVE('',#1040,#1039,#481,.T.);
#1275=EDGE_CURVE('',#1030,#1039,#564,.T.);
#1276=EDGE_CURVE('',#1040,#1027,#565,.T.);
#1277=EDGE_CURVE('',#1034,#1041,#566,.T.);
#1278=EDGE_CURVE('',#1041,#1042,#482,.F.);
#1279=EDGE_CURVE('',#1042,#1031,#567,.T.);
#1280=EDGE_CURVE('',#1043,#1044,#59,.T.);
#1281=EDGE_CURVE('',#1045,#1043,#568,.T.);
#1282=EDGE_CURVE('',#1046,#1045,#60,.T.);
#1283=EDGE_CURVE('',#1046,#1047,#569,.T.);
#1284=EDGE_CURVE('',#1048,#1047,#61,.T.);
#1285=EDGE_CURVE('',#1048,#1049,#570,.T.);
#1286=EDGE_CURVE('',#1050,#1049,#62,.T.);
#1287=EDGE_CURVE('',#1044,#1050,#571,.T.);
#1288=EDGE_CURVE('',#1051,#977,#572,.T.);
#1289=EDGE_CURVE('',#1052,#1051,#573,.T.);
#1290=EDGE_CURVE('',#1028,#1052,#574,.T.);
#1291=EDGE_CURVE('',#1053,#1042,#575,.T.);
#1292=EDGE_CURVE('',#1054,#1053,#576,.T.);
#1293=EDGE_CURVE('',#991,#1054,#577,.T.);
#1294=EDGE_CURVE('',#1055,#1056,#578,.T.);
#1295=EDGE_CURVE('',#1056,#1057,#579,.T.);
#1296=EDGE_CURVE('',#1057,#1058,#580,.T.);
#1297=EDGE_CURVE('',#1058,#1055,#581,.T.);
#1298=EDGE_CURVE('',#1059,#1059,#63,.T.);
#1299=EDGE_CURVE('',#1060,#1060,#64,.T.);
#1300=EDGE_CURVE('',#1061,#1062,#582,.T.);
#1301=EDGE_CURVE('',#1063,#1061,#65,.T.);
#1302=EDGE_CURVE('',#1064,#1063,#583,.T.);
#1303=EDGE_CURVE('',#1062,#1064,#66,.T.);
#1304=EDGE_CURVE('',#1065,#1065,#67,.T.);
#1305=EDGE_CURVE('',#1066,#1066,#68,.T.);
#1306=EDGE_CURVE('',#1067,#1067,#69,.T.);
#1307=EDGE_CURVE('',#1068,#1068,#70,.T.);
#1308=EDGE_CURVE('',#1069,#1069,#71,.T.);
#1309=EDGE_CURVE('',#1070,#1070,#72,.T.);
#1310=EDGE_CURVE('',#1071,#1071,#73,.T.);
#1311=EDGE_CURVE('',#1072,#1072,#74,.T.);
#1312=EDGE_CURVE('',#1073,#1074,#75,.T.);
#1313=EDGE_CURVE('',#1075,#1073,#584,.T.);
#1314=EDGE_CURVE('',#1076,#1075,#76,.T.);
#1315=EDGE_CURVE('',#1074,#1076,#585,.T.);
#1316=EDGE_CURVE('',#1077,#1077,#77,.T.);
#1317=EDGE_CURVE('',#1078,#1078,#78,.T.);
#1318=EDGE_CURVE('',#1079,#1080,#586,.T.);
#1319=EDGE_CURVE('',#1080,#1081,#587,.T.);
#1320=EDGE_CURVE('',#1081,#1082,#588,.T.);
#1321=EDGE_CURVE('',#1082,#1079,#589,.T.);
#1322=EDGE_CURVE('',#1012,#1002,#590,.T.);
#1323=EDGE_CURVE('',#1001,#1083,#591,.T.);
#1324=EDGE_CURVE('',#1083,#1012,#483,.T.);
#1325=EDGE_CURVE('',#1083,#1084,#592,.T.);
#1326=EDGE_CURVE('',#1084,#1007,#484,.T.);
#1327=EDGE_CURVE('',#1084,#1000,#593,.T.);
#1328=EDGE_CURVE('',#1003,#1011,#594,.T.);
#1329=EDGE_CURVE('',#1085,#1086,#595,.T.);
#1330=EDGE_CURVE('',#1086,#1052,#485,.T.);
#1331=EDGE_CURVE('',#1051,#1085,#486,.T.);
#1332=EDGE_CURVE('',#1086,#1029,#596,.T.);
#1333=EDGE_CURVE('',#976,#1085,#597,.T.);
#1334=EDGE_CURVE('',#1087,#1086,#598,.T.);
#1335=EDGE_CURVE('',#1087,#1088,#599,.T.);
#1336=EDGE_CURVE('',#1088,#1029,#600,.T.);
#1337=EDGE_CURVE('',#1085,#1089,#601,.T.);
#1338=EDGE_CURVE('',#1090,#1089,#602,.T.);
#1339=EDGE_CURVE('',#1091,#1090,#603,.T.);
#1340=EDGE_CURVE('',#1092,#1091,#604,.T.);
#1341=EDGE_CURVE('',#1092,#1093,#605,.T.);
#1342=EDGE_CURVE('',#1093,#1087,#606,.T.);
#1343=EDGE_CURVE('',#1089,#1004,#607,.T.);
#1344=EDGE_CURVE('',#1091,#1094,#608,.T.);
#1345=EDGE_CURVE('',#1094,#1095,#79,.F.);
#1346=EDGE_CURVE('',#1095,#1096,#609,.T.);
#1347=EDGE_CURVE('',#1096,#1091,#487,.T.);
#1348=EDGE_CURVE('',#1096,#1097,#610,.T.);
#1349=EDGE_CURVE('',#1097,#1092,#488,.T.);
#1350=EDGE_CURVE('',#1097,#1098,#611,.T.);
#1351=EDGE_CURVE('',#1098,#1099,#80,.F.);
#1352=EDGE_CURVE('',#1099,#1092,#612,.T.);
#1353=EDGE_CURVE('',#1100,#1090,#613,.T.);
#1354=EDGE_CURVE('',#1094,#1100,#614,.T.);
#1355=EDGE_CURVE('',#1101,#1030,#615,.T.);
#1356=EDGE_CURVE('',#1101,#1093,#616,.T.);
#1357=EDGE_CURVE('',#1099,#1039,#617,.T.);
#1358=EDGE_CURVE('',#1026,#1102,#618,.T.);
#1359=EDGE_CURVE('',#1102,#1016,#489,.T.);
#1360=EDGE_CURVE('',#1102,#1103,#619,.T.);
#1361=EDGE_CURVE('',#1103,#1017,#490,.T.);
#1362=EDGE_CURVE('',#1103,#1025,#620,.T.);
#1363=EDGE_CURVE('',#1024,#1017,#621,.T.);
#1364=EDGE_CURVE('',#1018,#1023,#622,.T.);
#1365=EDGE_CURVE('',#1104,#992,#623,.T.);
#1366=EDGE_CURVE('',#1054,#1104,#491,.T.);
#1367=EDGE_CURVE('',#1053,#1105,#492,.T.);
#1368=EDGE_CURVE('',#1105,#1104,#624,.T.);
#1369=EDGE_CURVE('',#1041,#1105,#625,.T.);
#1370=EDGE_CURVE('',#1104,#1106,#626,.T.);
#1371=EDGE_CURVE('',#1022,#1106,#627,.T.);
#1372=EDGE_CURVE('',#1107,#1107,#81,.T.);
#1373=EDGE_CURVE('',#1105,#1108,#628,.T.);
#1374=EDGE_CURVE('',#1108,#1109,#629,.T.);
#1375=EDGE_CURVE('',#1109,#1110,#630,.T.);
#1376=EDGE_CURVE('',#1111,#1110,#631,.T.);
#1377=EDGE_CURVE('',#1111,#1112,#632,.T.);
#1378=EDGE_CURVE('',#1106,#1112,#633,.T.);
#1379=EDGE_CURVE('',#1113,#1041,#634,.T.);
#1380=EDGE_CURVE('',#1113,#1108,#635,.T.);
#1381=EDGE_CURVE('',#1114,#1114,#82,.T.);
#1382=EDGE_CURVE('',#1110,#1115,#636,.T.);
#1383=EDGE_CURVE('',#1115,#1116,#83,.F.);
#1384=EDGE_CURVE('',#1116,#1117,#637,.T.);
#1385=EDGE_CURVE('',#1117,#1110,#493,.T.);
#1386=EDGE_CURVE('',#1117,#1118,#638,.T.);
#1387=EDGE_CURVE('',#1118,#1111,#494,.T.);
#1388=EDGE_CURVE('',#1118,#1119,#639,.T.);
#1389=EDGE_CURVE('',#1119,#1120,#84,.F.);
#1390=EDGE_CURVE('',#1120,#1111,#640,.T.);
#1391=EDGE_CURVE('',#1033,#1115,#641,.T.);
#1392=EDGE_CURVE('',#1109,#1121,#642,.T.);
#1393=EDGE_CURVE('',#1121,#1034,#643,.T.);
#1394=EDGE_CURVE('',#1120,#1122,#644,.T.);
#1395=EDGE_CURVE('',#1112,#1122,#645,.T.);
#1396=EDGE_CURVE('',#1095,#1098,#646,.T.);
#1397=EDGE_CURVE('',#1119,#1116,#647,.T.);
#1398=EDGE_CURVE('',#1123,#1058,#648,.T.);
#1399=EDGE_CURVE('',#1124,#1123,#649,.T.);
#1400=EDGE_CURVE('',#1124,#1055,#650,.T.);
#1401=EDGE_CURVE('',#1125,#1126,#651,.T.);
#1402=EDGE_CURVE('',#1126,#1124,#652,.T.);
#1403=EDGE_CURVE('',#1123,#1125,#653,.T.);
#1404=EDGE_CURVE('',#1127,#1056,#654,.T.);
#1405=EDGE_CURVE('',#1128,#1127,#655,.T.);
#1406=EDGE_CURVE('',#1128,#1057,#656,.T.);
#1407=EDGE_CURVE('',#1129,#1130,#657,.T.);
#1408=EDGE_CURVE('',#1129,#1128,#658,.T.);
#1409=EDGE_CURVE('',#1127,#1130,#659,.T.);
#1410=EDGE_CURVE('',#1131,#1125,#660,.T.);
#1411=EDGE_CURVE('',#1131,#1132,#661,.T.);
#1412=EDGE_CURVE('',#1132,#1126,#662,.T.);
#1413=EDGE_CURVE('',#1133,#1131,#663,.T.);
#1414=EDGE_CURVE('',#1133,#1134,#664,.T.);
#1415=EDGE_CURVE('',#1134,#1132,#665,.T.);
#1416=EDGE_CURVE('',#1129,#1133,#666,.T.);
#1417=EDGE_CURVE('',#1130,#1134,#667,.T.);
#1418=EDGE_CURVE('',#1135,#1135,#85,.T.);
#1419=EDGE_CURVE('',#1136,#1136,#86,.T.);
#1420=EDGE_CURVE('',#1137,#1137,#87,.T.);
#1421=EDGE_CURVE('',#1137,#1136,#668,.T.);
#1422=EDGE_CURVE('',#1135,#1138,#669,.T.);
#1423=EDGE_CURVE('',#1138,#1138,#88,.T.);
#1424=EDGE_CURVE('',#1139,#1082,#670,.T.);
#1425=EDGE_CURVE('',#1140,#1139,#671,.T.);
#1426=EDGE_CURVE('',#1140,#1079,#672,.T.);
#1427=EDGE_CURVE('',#1141,#1142,#673,.T.);
#1428=EDGE_CURVE('',#1142,#1140,#674,.T.);
#1429=EDGE_CURVE('',#1139,#1141,#675,.T.);
#1430=EDGE_CURVE('',#1143,#1080,#676,.T.);
#1431=EDGE_CURVE('',#1144,#1143,#677,.T.);
#1432=EDGE_CURVE('',#1144,#1081,#678,.T.);
#1433=EDGE_CURVE('',#1145,#1146,#679,.T.);
#1434=EDGE_CURVE('',#1145,#1144,#680,.T.);
#1435=EDGE_CURVE('',#1143,#1146,#681,.T.);
#1436=EDGE_CURVE('',#1145,#1147,#682,.T.);
#1437=EDGE_CURVE('',#1146,#1148,#683,.T.);
#1438=EDGE_CURVE('',#1147,#1148,#684,.T.);
#1439=EDGE_CURVE('',#1149,#1141,#685,.T.);
#1440=EDGE_CURVE('',#1149,#1150,#686,.T.);
#1441=EDGE_CURVE('',#1150,#1142,#687,.T.);
#1442=EDGE_CURVE('',#1147,#1149,#688,.T.);
#1443=EDGE_CURVE('',#1148,#1150,#689,.T.);
#1444=EDGE_CURVE('',#1151,#1151,#89,.T.);
#1445=EDGE_CURVE('',#1152,#1152,#90,.T.);
#1446=EDGE_CURVE('',#1107,#1152,#690,.T.);
#1447=EDGE_CURVE('',#1151,#1114,#691,.T.);
#1448=EDGE_CURVE('',#1153,#1154,#91,.T.);
#1449=EDGE_CURVE('',#1154,#1043,#692,.T.);
#1450=EDGE_CURVE('',#1044,#1153,#693,.T.);
#1451=EDGE_CURVE('',#1155,#1154,#694,.T.);
#1452=EDGE_CURVE('',#1045,#1155,#695,.T.);
#1453=EDGE_CURVE('',#1155,#1156,#92,.T.);
#1454=EDGE_CURVE('',#1156,#1046,#696,.T.);
#1455=EDGE_CURVE('',#1157,#1158,#93,.T.);
#1456=EDGE_CURVE('',#1158,#1050,#697,.T.);
#1457=EDGE_CURVE('',#1049,#1157,#698,.T.);
#1458=EDGE_CURVE('',#1159,#1048,#699,.T.);
#1459=EDGE_CURVE('',#1157,#1159,#700,.T.);
#1460=EDGE_CURVE('',#1160,#1159,#94,.T.);
#1461=EDGE_CURVE('',#1047,#1160,#701,.T.);
#1462=EDGE_CURVE('',#1088,#1101,#702,.T.);
#1463=EDGE_CURVE('',#1121,#1113,#703,.T.);
#1464=EDGE_CURVE('',#1161,#1100,#704,.T.);
#1465=EDGE_CURVE('',#1037,#1161,#705,.T.);
#1466=EDGE_CURVE('',#1162,#1161,#706,.T.);
#1467=EDGE_CURVE('',#1036,#1162,#707,.T.);
#1468=EDGE_CURVE('',#1122,#1162,#708,.T.);
#1469=EDGE_CURVE('',#1163,#1163,#95,.T.);
#1470=EDGE_CURVE('',#1163,#1078,#709,.T.);
#1471=EDGE_CURVE('',#1164,#1164,#96,.T.);
#1472=EDGE_CURVE('',#1164,#1077,#710,.T.);
#1473=EDGE_CURVE('',#1073,#1165,#711,.T.);
#1474=EDGE_CURVE('',#1166,#1165,#712,.T.);
#1475=EDGE_CURVE('',#1075,#1166,#713,.T.);
#1476=EDGE_CURVE('',#1167,#1166,#97,.T.);
#1477=EDGE_CURVE('',#1076,#1167,#714,.T.);
#1478=EDGE_CURVE('',#1168,#1167,#715,.T.);
#1479=EDGE_CURVE('',#1074,#1168,#716,.T.);
#1480=EDGE_CURVE('',#1165,#1168,#98,.T.);
#1481=EDGE_CURVE('',#1169,#1169,#99,.T.);
#1482=EDGE_CURVE('',#1169,#1072,#717,.T.);
#1483=EDGE_CURVE('',#1170,#1170,#100,.T.);
#1484=EDGE_CURVE('',#1170,#1071,#718,.T.);
#1485=EDGE_CURVE('',#1171,#1171,#101,.T.);
#1486=EDGE_CURVE('',#1171,#1070,#719,.T.);
#1487=EDGE_CURVE('',#1172,#1172,#102,.T.);
#1488=EDGE_CURVE('',#1172,#1069,#720,.T.);
#1489=EDGE_CURVE('',#1173,#1173,#103,.T.);
#1490=EDGE_CURVE('',#1173,#1068,#721,.T.);
#1491=EDGE_CURVE('',#1174,#1174,#104,.T.);
#1492=EDGE_CURVE('',#1174,#1067,#722,.T.);
#1493=EDGE_CURVE('',#1175,#1175,#105,.T.);
#1494=EDGE_CURVE('',#1175,#1066,#723,.T.);
#1495=EDGE_CURVE('',#1176,#1176,#106,.T.);
#1496=EDGE_CURVE('',#1176,#1065,#724,.T.);
#1497=EDGE_CURVE('',#1061,#1177,#725,.T.);
#1498=EDGE_CURVE('',#1178,#1177,#107,.T.);
#1499=EDGE_CURVE('',#1063,#1178,#726,.T.);
#1500=EDGE_CURVE('',#1179,#1178,#727,.T.);
#1501=EDGE_CURVE('',#1064,#1179,#728,.T.);
#1502=EDGE_CURVE('',#1180,#1179,#108,.T.);
#1503=EDGE_CURVE('',#1062,#1180,#729,.T.);
#1504=EDGE_CURVE('',#1177,#1180,#730,.T.);
#1505=EDGE_CURVE('',#1181,#1181,#109,.T.);
#1506=EDGE_CURVE('',#1181,#1060,#731,.T.);
#1507=EDGE_CURVE('',#1182,#1182,#110,.T.);
#1508=EDGE_CURVE('',#1182,#1059,#732,.T.);
#1509=EDGE_CURVE('',#1160,#1156,#733,.T.);
#1510=EDGE_CURVE('',#1153,#1158,#734,.T.);
#1511=ORIENTED_EDGE('',*,*,#1183,.T.);
#1512=ORIENTED_EDGE('',*,*,#1184,.T.);
#1513=ORIENTED_EDGE('',*,*,#1185,.T.);
#1514=ORIENTED_EDGE('',*,*,#1186,.T.);
#1515=ORIENTED_EDGE('',*,*,#1187,.T.);
#1516=ORIENTED_EDGE('',*,*,#1188,.T.);
#1517=ORIENTED_EDGE('',*,*,#1189,.T.);
#1518=ORIENTED_EDGE('',*,*,#1190,.T.);
#1519=ORIENTED_EDGE('',*,*,#1191,.T.);
#1520=ORIENTED_EDGE('',*,*,#1192,.T.);
#1521=ORIENTED_EDGE('',*,*,#1193,.T.);
#1522=ORIENTED_EDGE('',*,*,#1194,.T.);
#1523=ORIENTED_EDGE('',*,*,#1195,.T.);
#1524=ORIENTED_EDGE('',*,*,#1196,.T.);
#1525=ORIENTED_EDGE('',*,*,#1197,.T.);
#1526=ORIENTED_EDGE('',*,*,#1198,.T.);
#1527=ORIENTED_EDGE('',*,*,#1199,.T.);
#1528=ORIENTED_EDGE('',*,*,#1200,.T.);
#1529=ORIENTED_EDGE('',*,*,#1201,.T.);
#1530=ORIENTED_EDGE('',*,*,#1196,.F.);
#1531=ORIENTED_EDGE('',*,*,#1202,.T.);
#1532=ORIENTED_EDGE('',*,*,#1198,.F.);
#1533=ORIENTED_EDGE('',*,*,#1203,.T.);
#1534=ORIENTED_EDGE('',*,*,#1204,.T.);
#1535=ORIENTED_EDGE('',*,*,#1205,.T.);
#1536=ORIENTED_EDGE('',*,*,#1204,.F.);
#1537=ORIENTED_EDGE('',*,*,#1206,.T.);
#1538=ORIENTED_EDGE('',*,*,#1192,.F.);
#1539=ORIENTED_EDGE('',*,*,#1207,.T.);
#1540=ORIENTED_EDGE('',*,*,#1194,.F.);
#1541=ORIENTED_EDGE('',*,*,#1208,.T.);
#1542=ORIENTED_EDGE('',*,*,#1188,.F.);
#1543=ORIENTED_EDGE('',*,*,#1209,.T.);
#1544=ORIENTED_EDGE('',*,*,#1190,.F.);
#1545=ORIENTED_EDGE('',*,*,#1210,.T.);
#1546=ORIENTED_EDGE('',*,*,#1211,.T.);
#1547=ORIENTED_EDGE('',*,*,#1212,.T.);
#1548=ORIENTED_EDGE('',*,*,#1211,.F.);
#1549=ORIENTED_EDGE('',*,*,#1213,.T.);
#1550=ORIENTED_EDGE('',*,*,#1214,.T.);
#1551=ORIENTED_EDGE('',*,*,#1215,.T.);
#1552=ORIENTED_EDGE('',*,*,#1214,.F.);
#1553=ORIENTED_EDGE('',*,*,#1216,.T.);
#1554=ORIENTED_EDGE('',*,*,#1186,.F.);
#1555=ORIENTED_EDGE('',*,*,#1183,.F.);
#1556=ORIENTED_EDGE('',*,*,#1217,.F.);
#1557=ORIENTED_EDGE('',*,*,#1218,.F.);
#1558=ORIENTED_EDGE('',*,*,#1219,.F.);
#1559=ORIENTED_EDGE('',*,*,#1220,.F.);
#1560=ORIENTED_EDGE('',*,*,#1221,.T.);
#1561=ORIENTED_EDGE('',*,*,#1222,.F.);
#1562=ORIENTED_EDGE('',*,*,#1223,.F.);
#1563=ORIENTED_EDGE('',*,*,#1216,.F.);
#1564=ORIENTED_EDGE('',*,*,#1224,.F.);
#1565=ORIENTED_EDGE('',*,*,#1225,.T.);
#1566=ORIENTED_EDGE('',*,*,#1226,.F.);
#1567=ORIENTED_EDGE('',*,*,#1227,.F.);
#1568=ORIENTED_EDGE('',*,*,#1217,.T.);
#1569=ORIENTED_EDGE('',*,*,#1213,.F.);
#1570=ORIENTED_EDGE('',*,*,#1228,.F.);
#1571=ORIENTED_EDGE('',*,*,#1229,.T.);
#1572=ORIENTED_EDGE('',*,*,#1224,.T.);
#1573=ORIENTED_EDGE('',*,*,#1210,.F.);
#1574=ORIENTED_EDGE('',*,*,#1230,.F.);
#1575=ORIENTED_EDGE('',*,*,#1231,.T.);
#1576=ORIENTED_EDGE('',*,*,#1228,.T.);
#1577=ORIENTED_EDGE('',*,*,#1189,.F.);
#1578=ORIENTED_EDGE('',*,*,#1232,.T.);
#1579=ORIENTED_EDGE('',*,*,#1233,.F.);
#1580=ORIENTED_EDGE('',*,*,#1234,.F.);
#1581=ORIENTED_EDGE('',*,*,#1235,.F.);
#1582=ORIENTED_EDGE('',*,*,#1226,.T.);
#1583=ORIENTED_EDGE('',*,*,#1236,.T.);
#1584=ORIENTED_EDGE('',*,*,#1230,.T.);
#1585=ORIENTED_EDGE('',*,*,#1208,.F.);
#1586=ORIENTED_EDGE('',*,*,#1237,.T.);
#1587=ORIENTED_EDGE('',*,*,#1238,.F.);
#1588=ORIENTED_EDGE('',*,*,#1232,.F.);
#1589=ORIENTED_EDGE('',*,*,#1193,.F.);
#1590=ORIENTED_EDGE('',*,*,#1239,.T.);
#1591=ORIENTED_EDGE('',*,*,#1240,.T.);
#1592=ORIENTED_EDGE('',*,*,#1241,.T.);
#1593=ORIENTED_EDGE('',*,*,#1242,.F.);
#1594=ORIENTED_EDGE('',*,*,#1243,.T.);
#1595=ORIENTED_EDGE('',*,*,#1244,.F.);
#1596=ORIENTED_EDGE('',*,*,#1237,.F.);
#1597=ORIENTED_EDGE('',*,*,#1206,.F.);
#1598=ORIENTED_EDGE('',*,*,#1245,.F.);
#1599=ORIENTED_EDGE('',*,*,#1246,.T.);
#1600=ORIENTED_EDGE('',*,*,#1239,.F.);
#1601=ORIENTED_EDGE('',*,*,#1203,.F.);
#1602=ORIENTED_EDGE('',*,*,#1247,.F.);
#1603=ORIENTED_EDGE('',*,*,#1248,.T.);
#1604=ORIENTED_EDGE('',*,*,#1245,.T.);
#1605=ORIENTED_EDGE('',*,*,#1197,.F.);
#1606=ORIENTED_EDGE('',*,*,#1249,.T.);
#1607=ORIENTED_EDGE('',*,*,#1250,.F.);
#1608=ORIENTED_EDGE('',*,*,#1241,.F.);
#1609=ORIENTED_EDGE('',*,*,#1251,.T.);
#1610=ORIENTED_EDGE('',*,*,#1247,.T.);
#1611=ORIENTED_EDGE('',*,*,#1201,.F.);
#1612=ORIENTED_EDGE('',*,*,#1252,.T.);
#1613=ORIENTED_EDGE('',*,*,#1253,.F.);
#1614=ORIENTED_EDGE('',*,*,#1254,.F.);
#1615=ORIENTED_EDGE('',*,*,#1255,.F.);
#1616=ORIENTED_EDGE('',*,*,#1256,.T.);
#1617=ORIENTED_EDGE('',*,*,#1257,.F.);
#1618=ORIENTED_EDGE('',*,*,#1249,.F.);
#1619=ORIENTED_EDGE('',*,*,#1258,.T.);
#1620=ORIENTED_EDGE('',*,*,#1259,.T.);
#1621=ORIENTED_EDGE('',*,*,#1260,.T.);
#1622=ORIENTED_EDGE('',*,*,#1261,.T.);
#1623=ORIENTED_EDGE('',*,*,#1262,.T.);
#1624=ORIENTED_EDGE('',*,*,#1263,.T.);
#1625=ORIENTED_EDGE('',*,*,#1264,.T.);
#1626=ORIENTED_EDGE('',*,*,#1265,.T.);
#1627=ORIENTED_EDGE('',*,*,#1266,.T.);
#1628=ORIENTED_EDGE('',*,*,#1267,.T.);
#1629=ORIENTED_EDGE('',*,*,#1268,.T.);
#1630=ORIENTED_EDGE('',*,*,#1263,.F.);
#1631=ORIENTED_EDGE('',*,*,#1269,.T.);
#1632=ORIENTED_EDGE('',*,*,#1267,.F.);
#1633=ORIENTED_EDGE('',*,*,#1270,.T.);
#1634=ORIENTED_EDGE('',*,*,#1271,.T.);
#1635=ORIENTED_EDGE('',*,*,#1272,.T.);
#1636=ORIENTED_EDGE('',*,*,#1271,.F.);
#1637=ORIENTED_EDGE('',*,*,#1273,.T.);
#1638=ORIENTED_EDGE('',*,*,#1274,.T.);
#1639=ORIENTED_EDGE('',*,*,#1275,.T.);
#1640=ORIENTED_EDGE('',*,*,#1274,.F.);
#1641=ORIENTED_EDGE('',*,*,#1276,.T.);
#1642=ORIENTED_EDGE('',*,*,#1261,.F.);
#1643=ORIENTED_EDGE('',*,*,#1277,.T.);
#1644=ORIENTED_EDGE('',*,*,#1278,.T.);
#1645=ORIENTED_EDGE('',*,*,#1279,.T.);
#1646=ORIENTED_EDGE('',*,*,#1265,.F.);
#1647=ORIENTED_EDGE('',*,*,#1280,.F.);
#1648=ORIENTED_EDGE('',*,*,#1281,.F.);
#1649=ORIENTED_EDGE('',*,*,#1282,.F.);
#1650=ORIENTED_EDGE('',*,*,#1283,.T.);
#1651=ORIENTED_EDGE('',*,*,#1284,.F.);
#1652=ORIENTED_EDGE('',*,*,#1285,.T.);
#1653=ORIENTED_EDGE('',*,*,#1286,.F.);
#1654=ORIENTED_EDGE('',*,*,#1287,.F.);
#1655=ORIENTED_EDGE('',*,*,#1288,.F.);
#1656=ORIENTED_EDGE('',*,*,#1289,.F.);
#1657=ORIENTED_EDGE('',*,*,#1290,.F.);
#1658=ORIENTED_EDGE('',*,*,#1258,.F.);
#1659=ORIENTED_EDGE('',*,*,#1276,.F.);
#1660=ORIENTED_EDGE('',*,*,#1273,.F.);
#1661=ORIENTED_EDGE('',*,*,#1270,.F.);
#1662=ORIENTED_EDGE('',*,*,#1266,.F.);
#1663=ORIENTED_EDGE('',*,*,#1262,.F.);
#1664=ORIENTED_EDGE('',*,*,#1279,.F.);
#1665=ORIENTED_EDGE('',*,*,#1291,.F.);
#1666=ORIENTED_EDGE('',*,*,#1292,.F.);
#1667=ORIENTED_EDGE('',*,*,#1293,.F.);
#1668=ORIENTED_EDGE('',*,*,#1199,.F.);
#1669=ORIENTED_EDGE('',*,*,#1195,.F.);
#1670=ORIENTED_EDGE('',*,*,#1202,.F.);
#1671=ORIENTED_EDGE('',*,*,#1205,.F.);
#1672=ORIENTED_EDGE('',*,*,#1191,.F.);
#1673=ORIENTED_EDGE('',*,*,#1207,.F.);
#1674=ORIENTED_EDGE('',*,*,#1187,.F.);
#1675=ORIENTED_EDGE('',*,*,#1209,.F.);
#1676=ORIENTED_EDGE('',*,*,#1212,.F.);
#1677=ORIENTED_EDGE('',*,*,#1215,.F.);
#1678=ORIENTED_EDGE('',*,*,#1185,.F.);
#1679=ORIENTED_EDGE('',*,*,#1294,.T.);
#1680=ORIENTED_EDGE('',*,*,#1295,.T.);
#1681=ORIENTED_EDGE('',*,*,#1296,.T.);
#1682=ORIENTED_EDGE('',*,*,#1297,.T.);
#1683=ORIENTED_EDGE('',*,*,#1298,.F.);
#1684=ORIENTED_EDGE('',*,*,#1299,.F.);
#1685=ORIENTED_EDGE('',*,*,#1300,.F.);
#1686=ORIENTED_EDGE('',*,*,#1301,.F.);
#1687=ORIENTED_EDGE('',*,*,#1302,.F.);
#1688=ORIENTED_EDGE('',*,*,#1303,.F.);
#1689=ORIENTED_EDGE('',*,*,#1304,.F.);
#1690=ORIENTED_EDGE('',*,*,#1305,.F.);
#1691=ORIENTED_EDGE('',*,*,#1306,.F.);
#1692=ORIENTED_EDGE('',*,*,#1307,.F.);
#1693=ORIENTED_EDGE('',*,*,#1308,.F.);
#1694=ORIENTED_EDGE('',*,*,#1309,.F.);
#1695=ORIENTED_EDGE('',*,*,#1310,.F.);
#1696=ORIENTED_EDGE('',*,*,#1311,.F.);
#1697=ORIENTED_EDGE('',*,*,#1312,.F.);
#1698=ORIENTED_EDGE('',*,*,#1313,.F.);
#1699=ORIENTED_EDGE('',*,*,#1314,.F.);
#1700=ORIENTED_EDGE('',*,*,#1315,.F.);
#1701=ORIENTED_EDGE('',*,*,#1316,.F.);
#1702=ORIENTED_EDGE('',*,*,#1317,.F.);
#1703=ORIENTED_EDGE('',*,*,#1318,.T.);
#1704=ORIENTED_EDGE('',*,*,#1319,.T.);
#1705=ORIENTED_EDGE('',*,*,#1320,.T.);
#1706=ORIENTED_EDGE('',*,*,#1321,.T.);
#1707=ORIENTED_EDGE('',*,*,#1322,.T.);
#1708=ORIENTED_EDGE('',*,*,#1220,.T.);
#1709=ORIENTED_EDGE('',*,*,#1323,.T.);
#1710=ORIENTED_EDGE('',*,*,#1324,.T.);
#1711=ORIENTED_EDGE('',*,*,#1235,.T.);
#1712=ORIENTED_EDGE('',*,*,#1324,.F.);
#1713=ORIENTED_EDGE('',*,*,#1325,.T.);
#1714=ORIENTED_EDGE('',*,*,#1326,.T.);
#1715=ORIENTED_EDGE('',*,*,#1327,.T.);
#1716=ORIENTED_EDGE('',*,*,#1218,.T.);
#1717=ORIENTED_EDGE('',*,*,#1227,.T.);
#1718=ORIENTED_EDGE('',*,*,#1326,.F.);
#1719=ORIENTED_EDGE('',*,*,#1322,.F.);
#1720=ORIENTED_EDGE('',*,*,#1234,.T.);
#1721=ORIENTED_EDGE('',*,*,#1328,.F.);
#1722=ORIENTED_EDGE('',*,*,#1221,.F.);
#1723=ORIENTED_EDGE('',*,*,#1329,.T.);
#1724=ORIENTED_EDGE('',*,*,#1330,.T.);
#1725=ORIENTED_EDGE('',*,*,#1289,.T.);
#1726=ORIENTED_EDGE('',*,*,#1331,.T.);
#1727=ORIENTED_EDGE('',*,*,#1332,.T.);
#1728=ORIENTED_EDGE('',*,*,#1259,.F.);
#1729=ORIENTED_EDGE('',*,*,#1290,.T.);
#1730=ORIENTED_EDGE('',*,*,#1330,.F.);
#1731=ORIENTED_EDGE('',*,*,#1288,.T.);
#1732=ORIENTED_EDGE('',*,*,#1184,.F.);
#1733=ORIENTED_EDGE('',*,*,#1333,.T.);
#1734=ORIENTED_EDGE('',*,*,#1331,.F.);
#1735=ORIENTED_EDGE('',*,*,#1332,.F.);
#1736=ORIENTED_EDGE('',*,*,#1334,.F.);
#1737=ORIENTED_EDGE('',*,*,#1335,.T.);
#1738=ORIENTED_EDGE('',*,*,#1336,.T.);
#1739=ORIENTED_EDGE('',*,*,#1329,.F.);
#1740=ORIENTED_EDGE('',*,*,#1337,.T.);
#1741=ORIENTED_EDGE('',*,*,#1338,.F.);
#1742=ORIENTED_EDGE('',*,*,#1339,.F.);
#1743=ORIENTED_EDGE('',*,*,#1340,.F.);
#1744=ORIENTED_EDGE('',*,*,#1341,.T.);
#1745=ORIENTED_EDGE('',*,*,#1342,.T.);
#1746=ORIENTED_EDGE('',*,*,#1334,.T.);
#1747=ORIENTED_EDGE('',*,*,#1333,.F.);
#1748=ORIENTED_EDGE('',*,*,#1223,.T.);
#1749=ORIENTED_EDGE('',*,*,#1343,.F.);
#1750=ORIENTED_EDGE('',*,*,#1337,.F.);
#1751=ORIENTED_EDGE('',*,*,#1344,.T.);
#1752=ORIENTED_EDGE('',*,*,#1345,.T.);
#1753=ORIENTED_EDGE('',*,*,#1346,.T.);
#1754=ORIENTED_EDGE('',*,*,#1347,.T.);
#1755=ORIENTED_EDGE('',*,*,#1340,.T.);
#1756=ORIENTED_EDGE('',*,*,#1347,.F.);
#1757=ORIENTED_EDGE('',*,*,#1348,.T.);
#1758=ORIENTED_EDGE('',*,*,#1349,.T.);
#1759=ORIENTED_EDGE('',*,*,#1350,.T.);
#1760=ORIENTED_EDGE('',*,*,#1351,.T.);
#1761=ORIENTED_EDGE('',*,*,#1352,.T.);
#1762=ORIENTED_EDGE('',*,*,#1349,.F.);
#1763=ORIENTED_EDGE('',*,*,#1344,.F.);
#1764=ORIENTED_EDGE('',*,*,#1339,.T.);
#1765=ORIENTED_EDGE('',*,*,#1353,.F.);
#1766=ORIENTED_EDGE('',*,*,#1354,.F.);
#1767=ORIENTED_EDGE('',*,*,#1275,.F.);
#1768=ORIENTED_EDGE('',*,*,#1355,.F.);
#1769=ORIENTED_EDGE('',*,*,#1356,.T.);
#1770=ORIENTED_EDGE('',*,*,#1341,.F.);
#1771=ORIENTED_EDGE('',*,*,#1352,.F.);
#1772=ORIENTED_EDGE('',*,*,#1357,.T.);
#1773=ORIENTED_EDGE('',*,*,#1250,.T.);
#1774=ORIENTED_EDGE('',*,*,#1257,.T.);
#1775=ORIENTED_EDGE('',*,*,#1358,.T.);
#1776=ORIENTED_EDGE('',*,*,#1359,.T.);
#1777=ORIENTED_EDGE('',*,*,#1360,.T.);
#1778=ORIENTED_EDGE('',*,*,#1361,.T.);
#1779=ORIENTED_EDGE('',*,*,#1242,.T.);
#1780=ORIENTED_EDGE('',*,*,#1359,.F.);
#1781=ORIENTED_EDGE('',*,*,#1362,.T.);
#1782=ORIENTED_EDGE('',*,*,#1255,.T.);
#1783=ORIENTED_EDGE('',*,*,#1363,.T.);
#1784=ORIENTED_EDGE('',*,*,#1361,.F.);
#1785=ORIENTED_EDGE('',*,*,#1363,.F.);
#1786=ORIENTED_EDGE('',*,*,#1254,.T.);
#1787=ORIENTED_EDGE('',*,*,#1364,.F.);
#1788=ORIENTED_EDGE('',*,*,#1243,.F.);
#1789=ORIENTED_EDGE('',*,*,#1365,.T.);
#1790=ORIENTED_EDGE('',*,*,#1200,.F.);
#1791=ORIENTED_EDGE('',*,*,#1293,.T.);
#1792=ORIENTED_EDGE('',*,*,#1366,.T.);
#1793=ORIENTED_EDGE('',*,*,#1292,.T.);
#1794=ORIENTED_EDGE('',*,*,#1367,.T.);
#1795=ORIENTED_EDGE('',*,*,#1368,.T.);
#1796=ORIENTED_EDGE('',*,*,#1366,.F.);
#1797=ORIENTED_EDGE('',*,*,#1291,.T.);
#1798=ORIENTED_EDGE('',*,*,#1278,.F.);
#1799=ORIENTED_EDGE('',*,*,#1369,.T.);
#1800=ORIENTED_EDGE('',*,*,#1367,.F.);
#1801=ORIENTED_EDGE('',*,*,#1365,.F.);
#1802=ORIENTED_EDGE('',*,*,#1370,.T.);
#1803=ORIENTED_EDGE('',*,*,#1371,.F.);
#1804=ORIENTED_EDGE('',*,*,#1252,.F.);
#1805=ORIENTED_EDGE('',*,*,#1372,.T.);
#1806=ORIENTED_EDGE('',*,*,#1368,.F.);
#1807=ORIENTED_EDGE('',*,*,#1373,.T.);
#1808=ORIENTED_EDGE('',*,*,#1374,.T.);
#1809=ORIENTED_EDGE('',*,*,#1375,.T.);
#1810=ORIENTED_EDGE('',*,*,#1376,.F.);
#1811=ORIENTED_EDGE('',*,*,#1377,.T.);
#1812=ORIENTED_EDGE('',*,*,#1378,.F.);
#1813=ORIENTED_EDGE('',*,*,#1370,.F.);
#1814=ORIENTED_EDGE('',*,*,#1369,.F.);
#1815=ORIENTED_EDGE('',*,*,#1379,.F.);
#1816=ORIENTED_EDGE('',*,*,#1380,.T.);
#1817=ORIENTED_EDGE('',*,*,#1373,.F.);
#1818=ORIENTED_EDGE('',*,*,#1381,.T.);
#1819=ORIENTED_EDGE('',*,*,#1382,.T.);
#1820=ORIENTED_EDGE('',*,*,#1383,.T.);
#1821=ORIENTED_EDGE('',*,*,#1384,.T.);
#1822=ORIENTED_EDGE('',*,*,#1385,.T.);
#1823=ORIENTED_EDGE('',*,*,#1386,.T.);
#1824=ORIENTED_EDGE('',*,*,#1387,.T.);
#1825=ORIENTED_EDGE('',*,*,#1376,.T.);
#1826=ORIENTED_EDGE('',*,*,#1385,.F.);
#1827=ORIENTED_EDGE('',*,*,#1388,.T.);
#1828=ORIENTED_EDGE('',*,*,#1389,.T.);
#1829=ORIENTED_EDGE('',*,*,#1390,.T.);
#1830=ORIENTED_EDGE('',*,*,#1387,.F.);
#1831=ORIENTED_EDGE('',*,*,#1264,.F.);
#1832=ORIENTED_EDGE('',*,*,#1391,.T.);
#1833=ORIENTED_EDGE('',*,*,#1382,.F.);
#1834=ORIENTED_EDGE('',*,*,#1375,.F.);
#1835=ORIENTED_EDGE('',*,*,#1392,.T.);
#1836=ORIENTED_EDGE('',*,*,#1393,.T.);
#1837=ORIENTED_EDGE('',*,*,#1390,.F.);
#1838=ORIENTED_EDGE('',*,*,#1394,.T.);
#1839=ORIENTED_EDGE('',*,*,#1395,.F.);
#1840=ORIENTED_EDGE('',*,*,#1377,.F.);
#1841=ORIENTED_EDGE('',*,*,#1323,.F.);
#1842=ORIENTED_EDGE('',*,*,#1219,.T.);
#1843=ORIENTED_EDGE('',*,*,#1327,.F.);
#1844=ORIENTED_EDGE('',*,*,#1325,.F.);
#1845=ORIENTED_EDGE('',*,*,#1358,.F.);
#1846=ORIENTED_EDGE('',*,*,#1256,.F.);
#1847=ORIENTED_EDGE('',*,*,#1362,.F.);
#1848=ORIENTED_EDGE('',*,*,#1360,.F.);
#1849=ORIENTED_EDGE('',*,*,#1346,.F.);
#1850=ORIENTED_EDGE('',*,*,#1396,.T.);
#1851=ORIENTED_EDGE('',*,*,#1350,.F.);
#1852=ORIENTED_EDGE('',*,*,#1348,.F.);
#1853=ORIENTED_EDGE('',*,*,#1384,.F.);
#1854=ORIENTED_EDGE('',*,*,#1397,.F.);
#1855=ORIENTED_EDGE('',*,*,#1388,.F.);
#1856=ORIENTED_EDGE('',*,*,#1386,.F.);
#1857=ORIENTED_EDGE('',*,*,#1297,.F.);
#1858=ORIENTED_EDGE('',*,*,#1398,.F.);
#1859=ORIENTED_EDGE('',*,*,#1399,.F.);
#1860=ORIENTED_EDGE('',*,*,#1400,.T.);
#1861=ORIENTED_EDGE('',*,*,#1401,.T.);
#1862=ORIENTED_EDGE('',*,*,#1402,.T.);
#1863=ORIENTED_EDGE('',*,*,#1399,.T.);
#1864=ORIENTED_EDGE('',*,*,#1403,.T.);
#1865=ORIENTED_EDGE('',*,*,#1295,.F.);
#1866=ORIENTED_EDGE('',*,*,#1404,.F.);
#1867=ORIENTED_EDGE('',*,*,#1405,.F.);
#1868=ORIENTED_EDGE('',*,*,#1406,.T.);
#1869=ORIENTED_EDGE('',*,*,#1407,.F.);
#1870=ORIENTED_EDGE('',*,*,#1408,.T.);
#1871=ORIENTED_EDGE('',*,*,#1405,.T.);
#1872=ORIENTED_EDGE('',*,*,#1409,.T.);
#1873=ORIENTED_EDGE('',*,*,#1410,.F.);
#1874=ORIENTED_EDGE('',*,*,#1411,.T.);
#1875=ORIENTED_EDGE('',*,*,#1412,.T.);
#1876=ORIENTED_EDGE('',*,*,#1401,.F.);
#1877=ORIENTED_EDGE('',*,*,#1413,.F.);
#1878=ORIENTED_EDGE('',*,*,#1414,.T.);
#1879=ORIENTED_EDGE('',*,*,#1415,.T.);
#1880=ORIENTED_EDGE('',*,*,#1411,.F.);
#1881=ORIENTED_EDGE('',*,*,#1416,.F.);
#1882=ORIENTED_EDGE('',*,*,#1407,.T.);
#1883=ORIENTED_EDGE('',*,*,#1417,.T.);
#1884=ORIENTED_EDGE('',*,*,#1414,.F.);
#1885=ORIENTED_EDGE('',*,*,#1416,.T.);
#1886=ORIENTED_EDGE('',*,*,#1413,.T.);
#1887=ORIENTED_EDGE('',*,*,#1410,.T.);
#1888=ORIENTED_EDGE('',*,*,#1403,.F.);
#1889=ORIENTED_EDGE('',*,*,#1398,.T.);
#1890=ORIENTED_EDGE('',*,*,#1296,.F.);
#1891=ORIENTED_EDGE('',*,*,#1406,.F.);
#1892=ORIENTED_EDGE('',*,*,#1408,.F.);
#1893=ORIENTED_EDGE('',*,*,#1418,.F.);
#1894=ORIENTED_EDGE('',*,*,#1409,.F.);
#1895=ORIENTED_EDGE('',*,*,#1404,.T.);
#1896=ORIENTED_EDGE('',*,*,#1294,.F.);
#1897=ORIENTED_EDGE('',*,*,#1400,.F.);
#1898=ORIENTED_EDGE('',*,*,#1402,.F.);
#1899=ORIENTED_EDGE('',*,*,#1412,.F.);
#1900=ORIENTED_EDGE('',*,*,#1415,.F.);
#1901=ORIENTED_EDGE('',*,*,#1417,.F.);
#1902=ORIENTED_EDGE('',*,*,#1419,.F.);
#1903=ORIENTED_EDGE('',*,*,#1420,.F.);
#1904=ORIENTED_EDGE('',*,*,#1421,.T.);
#1905=ORIENTED_EDGE('',*,*,#1419,.T.);
#1906=ORIENTED_EDGE('',*,*,#1421,.F.);
#1907=ORIENTED_EDGE('',*,*,#1418,.T.);
#1908=ORIENTED_EDGE('',*,*,#1422,.T.);
#1909=ORIENTED_EDGE('',*,*,#1423,.F.);
#1910=ORIENTED_EDGE('',*,*,#1422,.F.);
#1911=ORIENTED_EDGE('',*,*,#1321,.F.);
#1912=ORIENTED_EDGE('',*,*,#1424,.F.);
#1913=ORIENTED_EDGE('',*,*,#1425,.F.);
#1914=ORIENTED_EDGE('',*,*,#1426,.T.);
#1915=ORIENTED_EDGE('',*,*,#1427,.T.);
#1916=ORIENTED_EDGE('',*,*,#1428,.T.);
#1917=ORIENTED_EDGE('',*,*,#1425,.T.);
#1918=ORIENTED_EDGE('',*,*,#1429,.T.);
#1919=ORIENTED_EDGE('',*,*,#1319,.F.);
#1920=ORIENTED_EDGE('',*,*,#1430,.F.);
#1921=ORIENTED_EDGE('',*,*,#1431,.F.);
#1922=ORIENTED_EDGE('',*,*,#1432,.T.);
#1923=ORIENTED_EDGE('',*,*,#1433,.F.);
#1924=ORIENTED_EDGE('',*,*,#1434,.T.);
#1925=ORIENTED_EDGE('',*,*,#1431,.T.);
#1926=ORIENTED_EDGE('',*,*,#1435,.T.);
#1927=ORIENTED_EDGE('',*,*,#1436,.F.);
#1928=ORIENTED_EDGE('',*,*,#1433,.T.);
#1929=ORIENTED_EDGE('',*,*,#1437,.T.);
#1930=ORIENTED_EDGE('',*,*,#1438,.F.);
#1931=ORIENTED_EDGE('',*,*,#1439,.F.);
#1932=ORIENTED_EDGE('',*,*,#1440,.T.);
#1933=ORIENTED_EDGE('',*,*,#1441,.T.);
#1934=ORIENTED_EDGE('',*,*,#1427,.F.);
#1935=ORIENTED_EDGE('',*,*,#1442,.F.);
#1936=ORIENTED_EDGE('',*,*,#1438,.T.);
#1937=ORIENTED_EDGE('',*,*,#1443,.T.);
#1938=ORIENTED_EDGE('',*,*,#1440,.F.);
#1939=ORIENTED_EDGE('',*,*,#1436,.T.);
#1940=ORIENTED_EDGE('',*,*,#1442,.T.);
#1941=ORIENTED_EDGE('',*,*,#1439,.T.);
#1942=ORIENTED_EDGE('',*,*,#1429,.F.);
#1943=ORIENTED_EDGE('',*,*,#1424,.T.);
#1944=ORIENTED_EDGE('',*,*,#1320,.F.);
#1945=ORIENTED_EDGE('',*,*,#1432,.F.);
#1946=ORIENTED_EDGE('',*,*,#1434,.F.);
#1947=ORIENTED_EDGE('',*,*,#1444,.F.);
#1948=ORIENTED_EDGE('',*,*,#1435,.F.);
#1949=ORIENTED_EDGE('',*,*,#1430,.T.);
#1950=ORIENTED_EDGE('',*,*,#1318,.F.);
#1951=ORIENTED_EDGE('',*,*,#1426,.F.);
#1952=ORIENTED_EDGE('',*,*,#1428,.F.);
#1953=ORIENTED_EDGE('',*,*,#1441,.F.);
#1954=ORIENTED_EDGE('',*,*,#1443,.F.);
#1955=ORIENTED_EDGE('',*,*,#1437,.F.);
#1956=ORIENTED_EDGE('',*,*,#1445,.F.);
#1957=ORIENTED_EDGE('',*,*,#1372,.F.);
#1958=ORIENTED_EDGE('',*,*,#1446,.T.);
#1959=ORIENTED_EDGE('',*,*,#1445,.T.);
#1960=ORIENTED_EDGE('',*,*,#1446,.F.);
#1961=ORIENTED_EDGE('',*,*,#1444,.T.);
#1962=ORIENTED_EDGE('',*,*,#1447,.T.);
#1963=ORIENTED_EDGE('',*,*,#1381,.F.);
#1964=ORIENTED_EDGE('',*,*,#1447,.F.);
#1965=ORIENTED_EDGE('',*,*,#1448,.T.);
#1966=ORIENTED_EDGE('',*,*,#1449,.T.);
#1967=ORIENTED_EDGE('',*,*,#1280,.T.);
#1968=ORIENTED_EDGE('',*,*,#1450,.T.);
#1969=ORIENTED_EDGE('',*,*,#1449,.F.);
#1970=ORIENTED_EDGE('',*,*,#1451,.F.);
#1971=ORIENTED_EDGE('',*,*,#1452,.F.);
#1972=ORIENTED_EDGE('',*,*,#1281,.T.);
#1973=ORIENTED_EDGE('',*,*,#1453,.T.);
#1974=ORIENTED_EDGE('',*,*,#1454,.T.);
#1975=ORIENTED_EDGE('',*,*,#1282,.T.);
#1976=ORIENTED_EDGE('',*,*,#1452,.T.);
#1977=ORIENTED_EDGE('',*,*,#1455,.T.);
#1978=ORIENTED_EDGE('',*,*,#1456,.T.);
#1979=ORIENTED_EDGE('',*,*,#1286,.T.);
#1980=ORIENTED_EDGE('',*,*,#1457,.T.);
#1981=ORIENTED_EDGE('',*,*,#1457,.F.);
#1982=ORIENTED_EDGE('',*,*,#1285,.F.);
#1983=ORIENTED_EDGE('',*,*,#1458,.F.);
#1984=ORIENTED_EDGE('',*,*,#1459,.F.);
#1985=ORIENTED_EDGE('',*,*,#1460,.T.);
#1986=ORIENTED_EDGE('',*,*,#1458,.T.);
#1987=ORIENTED_EDGE('',*,*,#1284,.T.);
#1988=ORIENTED_EDGE('',*,*,#1461,.T.);
#1989=ORIENTED_EDGE('',*,*,#1260,.F.);
#1990=ORIENTED_EDGE('',*,*,#1336,.F.);
#1991=ORIENTED_EDGE('',*,*,#1462,.T.);
#1992=ORIENTED_EDGE('',*,*,#1355,.T.);
#1993=ORIENTED_EDGE('',*,*,#1374,.F.);
#1994=ORIENTED_EDGE('',*,*,#1380,.F.);
#1995=ORIENTED_EDGE('',*,*,#1463,.F.);
#1996=ORIENTED_EDGE('',*,*,#1392,.F.);
#1997=ORIENTED_EDGE('',*,*,#1342,.F.);
#1998=ORIENTED_EDGE('',*,*,#1356,.F.);
#1999=ORIENTED_EDGE('',*,*,#1462,.F.);
#2000=ORIENTED_EDGE('',*,*,#1335,.F.);
#2001=ORIENTED_EDGE('',*,*,#1236,.F.);
#2002=ORIENTED_EDGE('',*,*,#1225,.F.);
#2003=ORIENTED_EDGE('',*,*,#1229,.F.);
#2004=ORIENTED_EDGE('',*,*,#1231,.F.);
#2005=ORIENTED_EDGE('',*,*,#1277,.F.);
#2006=ORIENTED_EDGE('',*,*,#1393,.F.);
#2007=ORIENTED_EDGE('',*,*,#1463,.T.);
#2008=ORIENTED_EDGE('',*,*,#1379,.T.);
#2009=ORIENTED_EDGE('',*,*,#1423,.T.);
#2010=ORIENTED_EDGE('',*,*,#1240,.F.);
#2011=ORIENTED_EDGE('',*,*,#1246,.F.);
#2012=ORIENTED_EDGE('',*,*,#1248,.F.);
#2013=ORIENTED_EDGE('',*,*,#1251,.F.);
#2014=ORIENTED_EDGE('',*,*,#1272,.F.);
#2015=ORIENTED_EDGE('',*,*,#1357,.F.);
#2016=ORIENTED_EDGE('',*,*,#1351,.F.);
#2017=ORIENTED_EDGE('',*,*,#1396,.F.);
#2018=ORIENTED_EDGE('',*,*,#1345,.F.);
#2019=ORIENTED_EDGE('',*,*,#1354,.T.);
#2020=ORIENTED_EDGE('',*,*,#1464,.F.);
#2021=ORIENTED_EDGE('',*,*,#1465,.F.);
#2022=ORIENTED_EDGE('',*,*,#1269,.F.);
#2023=ORIENTED_EDGE('',*,*,#1465,.T.);
#2024=ORIENTED_EDGE('',*,*,#1466,.F.);
#2025=ORIENTED_EDGE('',*,*,#1467,.F.);
#2026=ORIENTED_EDGE('',*,*,#1268,.F.);
#2027=ORIENTED_EDGE('',*,*,#1467,.T.);
#2028=ORIENTED_EDGE('',*,*,#1468,.F.);
#2029=ORIENTED_EDGE('',*,*,#1394,.F.);
#2030=ORIENTED_EDGE('',*,*,#1389,.F.);
#2031=ORIENTED_EDGE('',*,*,#1397,.T.);
#2032=ORIENTED_EDGE('',*,*,#1383,.F.);
#2033=ORIENTED_EDGE('',*,*,#1391,.F.);
#2034=ORIENTED_EDGE('',*,*,#1469,.F.);
#2035=ORIENTED_EDGE('',*,*,#1470,.T.);
#2036=ORIENTED_EDGE('',*,*,#1317,.T.);
#2037=ORIENTED_EDGE('',*,*,#1470,.F.);
#2038=ORIENTED_EDGE('',*,*,#1471,.F.);
#2039=ORIENTED_EDGE('',*,*,#1472,.T.);
#2040=ORIENTED_EDGE('',*,*,#1316,.T.);
#2041=ORIENTED_EDGE('',*,*,#1472,.F.);
#2042=ORIENTED_EDGE('',*,*,#1313,.T.);
#2043=ORIENTED_EDGE('',*,*,#1473,.T.);
#2044=ORIENTED_EDGE('',*,*,#1474,.F.);
#2045=ORIENTED_EDGE('',*,*,#1475,.F.);
#2046=ORIENTED_EDGE('',*,*,#1314,.T.);
#2047=ORIENTED_EDGE('',*,*,#1475,.T.);
#2048=ORIENTED_EDGE('',*,*,#1476,.F.);
#2049=ORIENTED_EDGE('',*,*,#1477,.F.);
#2050=ORIENTED_EDGE('',*,*,#1315,.T.);
#2051=ORIENTED_EDGE('',*,*,#1477,.T.);
#2052=ORIENTED_EDGE('',*,*,#1478,.F.);
#2053=ORIENTED_EDGE('',*,*,#1479,.F.);
#2054=ORIENTED_EDGE('',*,*,#1312,.T.);
#2055=ORIENTED_EDGE('',*,*,#1479,.T.);
#2056=ORIENTED_EDGE('',*,*,#1480,.F.);
#2057=ORIENTED_EDGE('',*,*,#1473,.F.);
#2058=ORIENTED_EDGE('',*,*,#1481,.F.);
#2059=ORIENTED_EDGE('',*,*,#1482,.T.);
#2060=ORIENTED_EDGE('',*,*,#1311,.T.);
#2061=ORIENTED_EDGE('',*,*,#1482,.F.);
#2062=ORIENTED_EDGE('',*,*,#1483,.F.);
#2063=ORIENTED_EDGE('',*,*,#1484,.T.);
#2064=ORIENTED_EDGE('',*,*,#1310,.T.);
#2065=ORIENTED_EDGE('',*,*,#1484,.F.);
#2066=ORIENTED_EDGE('',*,*,#1485,.F.);
#2067=ORIENTED_EDGE('',*,*,#1486,.T.);
#2068=ORIENTED_EDGE('',*,*,#1309,.T.);
#2069=ORIENTED_EDGE('',*,*,#1486,.F.);
#2070=ORIENTED_EDGE('',*,*,#1487,.F.);
#2071=ORIENTED_EDGE('',*,*,#1488,.T.);
#2072=ORIENTED_EDGE('',*,*,#1308,.T.);
#2073=ORIENTED_EDGE('',*,*,#1488,.F.);
#2074=ORIENTED_EDGE('',*,*,#1489,.F.);
#2075=ORIENTED_EDGE('',*,*,#1490,.T.);
#2076=ORIENTED_EDGE('',*,*,#1307,.T.);
#2077=ORIENTED_EDGE('',*,*,#1490,.F.);
#2078=ORIENTED_EDGE('',*,*,#1491,.F.);
#2079=ORIENTED_EDGE('',*,*,#1492,.T.);
#2080=ORIENTED_EDGE('',*,*,#1306,.T.);
#2081=ORIENTED_EDGE('',*,*,#1492,.F.);
#2082=ORIENTED_EDGE('',*,*,#1493,.F.);
#2083=ORIENTED_EDGE('',*,*,#1494,.T.);
#2084=ORIENTED_EDGE('',*,*,#1305,.T.);
#2085=ORIENTED_EDGE('',*,*,#1494,.F.);
#2086=ORIENTED_EDGE('',*,*,#1495,.F.);
#2087=ORIENTED_EDGE('',*,*,#1496,.T.);
#2088=ORIENTED_EDGE('',*,*,#1304,.T.);
#2089=ORIENTED_EDGE('',*,*,#1496,.F.);
#2090=ORIENTED_EDGE('',*,*,#1301,.T.);
#2091=ORIENTED_EDGE('',*,*,#1497,.T.);
#2092=ORIENTED_EDGE('',*,*,#1498,.F.);
#2093=ORIENTED_EDGE('',*,*,#1499,.F.);
#2094=ORIENTED_EDGE('',*,*,#1302,.T.);
#2095=ORIENTED_EDGE('',*,*,#1499,.T.);
#2096=ORIENTED_EDGE('',*,*,#1500,.F.);
#2097=ORIENTED_EDGE('',*,*,#1501,.F.);
#2098=ORIENTED_EDGE('',*,*,#1303,.T.);
#2099=ORIENTED_EDGE('',*,*,#1501,.T.);
#2100=ORIENTED_EDGE('',*,*,#1502,.F.);
#2101=ORIENTED_EDGE('',*,*,#1503,.F.);
#2102=ORIENTED_EDGE('',*,*,#1300,.T.);
#2103=ORIENTED_EDGE('',*,*,#1503,.T.);
#2104=ORIENTED_EDGE('',*,*,#1504,.F.);
#2105=ORIENTED_EDGE('',*,*,#1497,.F.);
#2106=ORIENTED_EDGE('',*,*,#1505,.F.);
#2107=ORIENTED_EDGE('',*,*,#1506,.T.);
#2108=ORIENTED_EDGE('',*,*,#1299,.T.);
#2109=ORIENTED_EDGE('',*,*,#1506,.F.);
#2110=ORIENTED_EDGE('',*,*,#1507,.F.);
#2111=ORIENTED_EDGE('',*,*,#1508,.T.);
#2112=ORIENTED_EDGE('',*,*,#1298,.T.);
#2113=ORIENTED_EDGE('',*,*,#1508,.F.);
#2114=ORIENTED_EDGE('',*,*,#1454,.F.);
#2115=ORIENTED_EDGE('',*,*,#1509,.F.);
#2116=ORIENTED_EDGE('',*,*,#1461,.F.);
#2117=ORIENTED_EDGE('',*,*,#1283,.F.);
#2118=ORIENTED_EDGE('',*,*,#1450,.F.);
#2119=ORIENTED_EDGE('',*,*,#1287,.T.);
#2120=ORIENTED_EDGE('',*,*,#1456,.F.);
#2121=ORIENTED_EDGE('',*,*,#1510,.F.);
#2122=ORIENTED_EDGE('',*,*,#1420,.T.);
#2123=ORIENTED_EDGE('',*,*,#1448,.F.);
#2124=ORIENTED_EDGE('',*,*,#1510,.T.);
#2125=ORIENTED_EDGE('',*,*,#1455,.F.);
#2126=ORIENTED_EDGE('',*,*,#1459,.T.);
#2127=ORIENTED_EDGE('',*,*,#1460,.F.);
#2128=ORIENTED_EDGE('',*,*,#1509,.T.);
#2129=ORIENTED_EDGE('',*,*,#1453,.F.);
#2130=ORIENTED_EDGE('',*,*,#1451,.T.);
#2131=ORIENTED_EDGE('',*,*,#1507,.T.);
#2132=ORIENTED_EDGE('',*,*,#1505,.T.);
#2133=ORIENTED_EDGE('',*,*,#1504,.T.);
#2134=ORIENTED_EDGE('',*,*,#1502,.T.);
#2135=ORIENTED_EDGE('',*,*,#1500,.T.);
#2136=ORIENTED_EDGE('',*,*,#1498,.T.);
#2137=ORIENTED_EDGE('',*,*,#1495,.T.);
#2138=ORIENTED_EDGE('',*,*,#1493,.T.);
#2139=ORIENTED_EDGE('',*,*,#1491,.T.);
#2140=ORIENTED_EDGE('',*,*,#1489,.T.);
#2141=ORIENTED_EDGE('',*,*,#1487,.T.);
#2142=ORIENTED_EDGE('',*,*,#1485,.T.);
#2143=ORIENTED_EDGE('',*,*,#1483,.T.);
#2144=ORIENTED_EDGE('',*,*,#1481,.T.);
#2145=ORIENTED_EDGE('',*,*,#1480,.T.);
#2146=ORIENTED_EDGE('',*,*,#1478,.T.);
#2147=ORIENTED_EDGE('',*,*,#1476,.T.);
#2148=ORIENTED_EDGE('',*,*,#1474,.T.);
#2149=ORIENTED_EDGE('',*,*,#1471,.T.);
#2150=ORIENTED_EDGE('',*,*,#1469,.T.);
#2151=ORIENTED_EDGE('',*,*,#1244,.T.);
#2152=ORIENTED_EDGE('',*,*,#1364,.T.);
#2153=ORIENTED_EDGE('',*,*,#1253,.T.);
#2154=ORIENTED_EDGE('',*,*,#1371,.T.);
#2155=ORIENTED_EDGE('',*,*,#1378,.T.);
#2156=ORIENTED_EDGE('',*,*,#1395,.T.);
#2157=ORIENTED_EDGE('',*,*,#1468,.T.);
#2158=ORIENTED_EDGE('',*,*,#1466,.T.);
#2159=ORIENTED_EDGE('',*,*,#1464,.T.);
#2160=ORIENTED_EDGE('',*,*,#1353,.T.);
#2161=ORIENTED_EDGE('',*,*,#1338,.T.);
#2162=ORIENTED_EDGE('',*,*,#1343,.T.);
#2163=ORIENTED_EDGE('',*,*,#1222,.T.);
#2164=ORIENTED_EDGE('',*,*,#1328,.T.);
#2165=ORIENTED_EDGE('',*,*,#1233,.T.);
#2166=ORIENTED_EDGE('',*,*,#1238,.T.);
#2167=CYLINDRICAL_SURFACE('',#2365,0.5);
#2168=CYLINDRICAL_SURFACE('',#2368,0.5);
#2169=CYLINDRICAL_SURFACE('',#2371,0.5);
#2170=CYLINDRICAL_SURFACE('',#2374,0.5);
#2171=CYLINDRICAL_SURFACE('',#2377,0.5);
#2172=CYLINDRICAL_SURFACE('',#2379,0.5);
#2173=CYLINDRICAL_SURFACE('',#2381,0.5);
#2174=CYLINDRICAL_SURFACE('',#2382,0.5);
#2175=CYLINDRICAL_SURFACE('',#2383,0.5);
#2176=CYLINDRICAL_SURFACE('',#2385,0.5);
#2177=CYLINDRICAL_SURFACE('',#2387,0.5);
#2178=CYLINDRICAL_SURFACE('',#2403,0.5);
#2179=CYLINDRICAL_SURFACE('',#2406,0.5);
#2180=CYLINDRICAL_SURFACE('',#2409,0.5);
#2181=CYLINDRICAL_SURFACE('',#2411,0.5);
#2182=CYLINDRICAL_SURFACE('',#2413,0.5);
#2183=CYLINDRICAL_SURFACE('',#2415,0.5);
#2184=CYLINDRICAL_SURFACE('',#2416,0.5);
#2185=CYLINDRICAL_SURFACE('',#2439,0.5);
#2186=CYLINDRICAL_SURFACE('',#2441,0.5);
#2187=CYLINDRICAL_SURFACE('',#2443,0.5);
#2188=CYLINDRICAL_SURFACE('',#2445,0.5);
#2189=CYLINDRICAL_SURFACE('',#2448,0.5);
#2190=CYLINDRICAL_SURFACE('',#2449,0.5);
#2191=CYLINDRICAL_SURFACE('',#2453,0.5);
#2192=CYLINDRICAL_SURFACE('',#2456,0.5);
#2193=CYLINDRICAL_SURFACE('',#2458,0.5);
#2194=CYLINDRICAL_SURFACE('',#2462,0.5);
#2195=CYLINDRICAL_SURFACE('',#2464,0.5);
#2196=CYLINDRICAL_SURFACE('',#2466,0.5);
#2197=CYLINDRICAL_SURFACE('',#2468,0.5);
#2198=CYLINDRICAL_SURFACE('',#2470,0.5);
#2199=CYLINDRICAL_SURFACE('',#2472,0.5);
#2200=CYLINDRICAL_SURFACE('',#2478,0.5);
#2201=CYLINDRICAL_SURFACE('',#2481,0.5);
#2202=CYLINDRICAL_SURFACE('',#2483,0.5);
#2203=CYLINDRICAL_SURFACE('',#2502,2.19999999999999);
#2204=CYLINDRICAL_SURFACE('',#2504,2.19999999999999);
#2205=CYLINDRICAL_SURFACE('',#2517,2.19999999999999);
#2206=CYLINDRICAL_SURFACE('',#2518,2.19999999999999);
#2207=CYLINDRICAL_SURFACE('',#2519,3.);
#2208=CYLINDRICAL_SURFACE('',#2522,3.);
#2209=CYLINDRICAL_SURFACE('',#2524,3.);
#2210=CYLINDRICAL_SURFACE('',#2527,3.);
#2211=CYLINDRICAL_SURFACE('',#2538,3.50000000000001);
#2212=CYLINDRICAL_SURFACE('',#2540,3.50000000000001);
#2213=CYLINDRICAL_SURFACE('',#2543,3.75);
#2214=CYLINDRICAL_SURFACE('',#2546,3.75);
#2215=CYLINDRICAL_SURFACE('',#2548,3.50000000000001);
#2216=CYLINDRICAL_SURFACE('',#2550,3.50000000000001);
#2217=CYLINDRICAL_SURFACE('',#2552,3.50000000000001);
#2218=CYLINDRICAL_SURFACE('',#2554,3.50000000000001);
#2219=CYLINDRICAL_SURFACE('',#2556,3.50000000000001);
#2220=CYLINDRICAL_SURFACE('',#2558,3.50000000000001);
#2221=CYLINDRICAL_SURFACE('',#2560,3.50000000000001);
#2222=CYLINDRICAL_SURFACE('',#2562,3.50000000000001);
#2223=CYLINDRICAL_SURFACE('',#2564,3.75);
#2224=CYLINDRICAL_SURFACE('',#2567,3.75);
#2225=CYLINDRICAL_SURFACE('',#2570,3.50000000000001);
#2226=CYLINDRICAL_SURFACE('',#2572,3.50000000000001);
#2227=ADVANCED_FACE('',(#175),#2167,.T.);
#2228=ADVANCED_FACE('',(#176),#2168,.T.);
#2229=ADVANCED_FACE('',(#177),#2169,.T.);
#2230=ADVANCED_FACE('',(#178),#2170,.T.);
#2231=ADVANCED_FACE('',(#179),#2171,.T.);
#2232=ADVANCED_FACE('',(#180),#2172,.T.);
#2233=ADVANCED_FACE('',(#181),#2173,.T.);
#2234=ADVANCED_FACE('',(#182),#2174,.T.);
#2235=ADVANCED_FACE('',(#183),#2175,.T.);
#2236=ADVANCED_FACE('',(#184),#2176,.T.);
#2237=ADVANCED_FACE('',(#185),#2177,.T.);
#2238=ADVANCED_FACE('',(#186),#111,.T.);
#2239=ADVANCED_FACE('',(#187),#112,.F.);
#2240=ADVANCED_FACE('',(#188),#113,.F.);
#2241=ADVANCED_FACE('',(#189),#114,.F.);
#2242=ADVANCED_FACE('',(#190),#115,.T.);
#2243=ADVANCED_FACE('',(#191),#116,.T.);
#2244=ADVANCED_FACE('',(#192),#117,.T.);
#2245=ADVANCED_FACE('',(#193),#118,.F.);
#2246=ADVANCED_FACE('',(#194),#119,.F.);
#2247=ADVANCED_FACE('',(#195),#120,.F.);
#2248=ADVANCED_FACE('',(#196),#121,.T.);
#2249=ADVANCED_FACE('',(#197),#2178,.T.);
#2250=ADVANCED_FACE('',(#198),#2179,.T.);
#2251=ADVANCED_FACE('',(#199),#2180,.T.);
#2252=ADVANCED_FACE('',(#200),#2181,.T.);
#2253=ADVANCED_FACE('',(#201),#2182,.T.);
#2254=ADVANCED_FACE('',(#202),#2183,.T.);
#2255=ADVANCED_FACE('',(#203),#2184,.T.);
#2256=ADVANCED_FACE('',(#204,#15,#16,#17,#18,#19,#20,#21,#22,#23,#24,#25,
#26,#27,#28,#29,#30,#31),#122,.F.);
#2257=ADVANCED_FACE('',(#205),#2185,.T.);
#2258=ADVANCED_FACE('',(#206),#2186,.T.);
#2259=ADVANCED_FACE('',(#207),#2187,.T.);
#2260=ADVANCED_FACE('',(#208),#123,.T.);
#2261=ADVANCED_FACE('',(#209),#2188,.T.);
#2262=ADVANCED_FACE('',(#210),#2189,.T.);
#2263=ADVANCED_FACE('',(#211),#2190,.T.);
#2264=ADVANCED_FACE('',(#212),#124,.F.);
#2265=ADVANCED_FACE('',(#213),#125,.T.);
#2266=ADVANCED_FACE('',(#214),#126,.T.);
#2267=ADVANCED_FACE('',(#215),#2191,.T.);
#2268=ADVANCED_FACE('',(#216),#2192,.T.);
#2269=ADVANCED_FACE('',(#217),#2193,.T.);
#2270=ADVANCED_FACE('',(#218),#127,.T.);
#2271=ADVANCED_FACE('',(#219),#128,.F.);
#2272=ADVANCED_FACE('',(#220),#2194,.T.);
#2273=ADVANCED_FACE('',(#221),#2195,.T.);
#2274=ADVANCED_FACE('',(#222),#2196,.T.);
#2275=ADVANCED_FACE('',(#223),#129,.T.);
#2276=ADVANCED_FACE('',(#224),#2197,.T.);
#2277=ADVANCED_FACE('',(#225),#2198,.T.);
#2278=ADVANCED_FACE('',(#226),#2199,.T.);
#2279=ADVANCED_FACE('',(#227,#32),#130,.T.);
#2280=ADVANCED_FACE('',(#228),#131,.T.);
#2281=ADVANCED_FACE('',(#229,#33),#132,.F.);
#2282=ADVANCED_FACE('',(#230),#2200,.T.);
#2283=ADVANCED_FACE('',(#231),#2201,.T.);
#2284=ADVANCED_FACE('',(#232),#2202,.T.);
#2285=ADVANCED_FACE('',(#233),#133,.F.);
#2286=ADVANCED_FACE('',(#234),#134,.T.);
#2287=ADVANCED_FACE('',(#235),#135,.F.);
#2288=ADVANCED_FACE('',(#236),#136,.F.);
#2289=ADVANCED_FACE('',(#237),#137,.F.);
#2290=ADVANCED_FACE('',(#238),#138,.F.);
#2291=ADVANCED_FACE('',(#239),#139,.F.);
#2292=ADVANCED_FACE('',(#240),#140,.T.);
#2293=ADVANCED_FACE('',(#241),#141,.F.);
#2294=ADVANCED_FACE('',(#242),#142,.T.);
#2295=ADVANCED_FACE('',(#243),#143,.F.);
#2296=ADVANCED_FACE('',(#244),#144,.F.);
#2297=ADVANCED_FACE('',(#245),#145,.F.);
#2298=ADVANCED_FACE('',(#246,#34),#146,.F.);
#2299=ADVANCED_FACE('',(#247,#35),#147,.T.);
#2300=ADVANCED_FACE('',(#248),#2203,.F.);
#2301=ADVANCED_FACE('',(#249),#2204,.F.);
#2302=ADVANCED_FACE('',(#250),#148,.F.);
#2303=ADVANCED_FACE('',(#251),#149,.T.);
#2304=ADVANCED_FACE('',(#252),#150,.F.);
#2305=ADVANCED_FACE('',(#253),#151,.T.);
#2306=ADVANCED_FACE('',(#254),#152,.F.);
#2307=ADVANCED_FACE('',(#255),#153,.F.);
#2308=ADVANCED_FACE('',(#256),#154,.F.);
#2309=ADVANCED_FACE('',(#257,#36),#155,.F.);
#2310=ADVANCED_FACE('',(#258,#37),#156,.F.);
#2311=ADVANCED_FACE('',(#259),#2205,.F.);
#2312=ADVANCED_FACE('',(#260),#2206,.F.);
#2313=ADVANCED_FACE('',(#261),#2207,.T.);
#2314=ADVANCED_FACE('',(#262),#157,.T.);
#2315=ADVANCED_FACE('',(#263),#2208,.T.);
#2316=ADVANCED_FACE('',(#264),#2209,.T.);
#2317=ADVANCED_FACE('',(#265),#158,.T.);
#2318=ADVANCED_FACE('',(#266),#2210,.T.);
#2319=ADVANCED_FACE('',(#267),#159,.F.);
#2320=ADVANCED_FACE('',(#268),#160,.F.);
#2321=ADVANCED_FACE('',(#269),#161,.F.);
#2322=ADVANCED_FACE('',(#270),#162,.F.);
#2323=ADVANCED_FACE('',(#271,#38),#163,.F.);
#2324=ADVANCED_FACE('',(#272),#164,.F.);
#2325=ADVANCED_FACE('',(#273),#165,.T.);
#2326=ADVANCED_FACE('',(#274),#166,.T.);
#2327=ADVANCED_FACE('',(#275),#167,.T.);
#2328=ADVANCED_FACE('',(#276),#2211,.F.);
#2329=ADVANCED_FACE('',(#277),#2212,.F.);
#2330=ADVANCED_FACE('',(#278),#168,.T.);
#2331=ADVANCED_FACE('',(#279),#2213,.F.);
#2332=ADVANCED_FACE('',(#280),#169,.T.);
#2333=ADVANCED_FACE('',(#281),#2214,.F.);
#2334=ADVANCED_FACE('',(#282),#2215,.F.);
#2335=ADVANCED_FACE('',(#283),#2216,.F.);
#2336=ADVANCED_FACE('',(#284),#2217,.F.);
#2337=ADVANCED_FACE('',(#285),#2218,.F.);
#2338=ADVANCED_FACE('',(#286),#2219,.F.);
#2339=ADVANCED_FACE('',(#287),#2220,.F.);
#2340=ADVANCED_FACE('',(#288),#2221,.F.);
#2341=ADVANCED_FACE('',(#289),#2222,.F.);
#2342=ADVANCED_FACE('',(#290),#2223,.F.);
#2343=ADVANCED_FACE('',(#291),#170,.T.);
#2344=ADVANCED_FACE('',(#292),#2224,.F.);
#2345=ADVANCED_FACE('',(#293),#171,.T.);
#2346=ADVANCED_FACE('',(#294),#2225,.F.);
#2347=ADVANCED_FACE('',(#295),#2226,.F.);
#2348=ADVANCED_FACE('',(#296),#172,.T.);
#2349=ADVANCED_FACE('',(#297,#39),#173,.T.);
#2350=ADVANCED_FACE('',(#298,#40,#41,#42,#43,#44,#45,#46,#47,#48,#49,#50,
#51,#52,#53,#54),#174,.T.);
#2351=CLOSED_SHELL('',(#2227,#2228,#2229,#2230,#2231,#2232,#2233,#2234,
#2235,#2236,#2237,#2238,#2239,#2240,#2241,#2242,#2243,#2244,#2245,#2246,
#2247,#2248,#2249,#2250,#2251,#2252,#2253,#2254,#2255,#2256,#2257,#2258,
#2259,#2260,#2261,#2262,#2263,#2264,#2265,#2266,#2267,#2268,#2269,#2270,
#2271,#2272,#2273,#2274,#2275,#2276,#2277,#2278,#2279,#2280,#2281,#2282,
#2283,#2284,#2285,#2286,#2287,#2288,#2289,#2290,#2291,#2292,#2293,#2294,
#2295,#2296,#2297,#2298,#2299,#2300,#2301,#2302,#2303,#2304,#2305,#2306,
#2307,#2308,#2309,#2310,#2311,#2312,#2313,#2314,#2315,#2316,#2317,#2318,
#2319,#2320,#2321,#2322,#2323,#2324,#2325,#2326,#2327,#2328,#2329,#2330,
#2331,#2332,#2333,#2334,#2335,#2336,#2337,#2338,#2339,#2340,#2341,#2342,
#2343,#2344,#2345,#2346,#2347,#2348,#2349,#2350));
#2352=DERIVED_UNIT_ELEMENT(#2354,1.);
#2353=DERIVED_UNIT_ELEMENT(#3909,-3.);
#2354=(
MASS_UNIT()
NAMED_UNIT(*)
SI_UNIT(.KILO.,.GRAM.)
);
#2355=DERIVED_UNIT((#2352,#2353));
#2356=MEASURE_REPRESENTATION_ITEM('density measure',
POSITIVE_RATIO_MEASURE(7850.),#2355);
#2357=PROPERTY_DEFINITION_REPRESENTATION(#2362,#2359);
#2358=PROPERTY_DEFINITION_REPRESENTATION(#2363,#2360);
#2359=REPRESENTATION('material name',(#2361),#3906);
#2360=REPRESENTATION('density',(#2356),#3906);
#2361=DESCRIPTIVE_REPRESENTATION_ITEM('Steel','Steel');
#2362=PROPERTY_DEFINITION('material property','material name',#3916);
#2363=PROPERTY_DEFINITION('material property','density of part',#3916);
#2364=AXIS2_PLACEMENT_3D('',#3243,#2577,#2578);
#2365=AXIS2_PLACEMENT_3D('',#3244,#2579,#2580);
#2366=AXIS2_PLACEMENT_3D('',#3249,#2582,#2583);
#2367=AXIS2_PLACEMENT_3D('',#3252,#2585,#2586);
#2368=AXIS2_PLACEMENT_3D('',#3253,#2587,#2588);
#2369=AXIS2_PLACEMENT_3D('',#3258,#2590,#2591);
#2370=AXIS2_PLACEMENT_3D('',#3261,#2593,#2594);
#2371=AXIS2_PLACEMENT_3D('',#3262,#2595,#2596);
#2372=AXIS2_PLACEMENT_3D('',#3267,#2598,#2599);
#2373=AXIS2_PLACEMENT_3D('',#3270,#2601,#2602);
#2374=AXIS2_PLACEMENT_3D('',#3271,#2603,#2604);
#2375=AXIS2_PLACEMENT_3D('',#3276,#2606,#2607);
#2376=AXIS2_PLACEMENT_3D('',#3279,#2609,#2610);
#2377=AXIS2_PLACEMENT_3D('',#3280,#2611,#2612);
#2378=AXIS2_PLACEMENT_3D('',#3284,#2614,#2615);
#2379=AXIS2_PLACEMENT_3D('',#3286,#2617,#2618);
#2380=AXIS2_PLACEMENT_3D('',#3291,#2621,#2622);
#2381=AXIS2_PLACEMENT_3D('',#3292,#2623,#2624);
#2382=AXIS2_PLACEMENT_3D('',#3295,#2627,#2628);
#2383=AXIS2_PLACEMENT_3D('',#3298,#2631,#2632);
#2384=AXIS2_PLACEMENT_3D('',#3303,#2635,#2636);
#2385=AXIS2_PLACEMENT_3D('',#3304,#2637,#2638);
#2386=AXIS2_PLACEMENT_3D('',#3309,#2641,#2642);
#2387=AXIS2_PLACEMENT_3D('',#3310,#2643,#2644);
#2388=AXIS2_PLACEMENT_3D('',#3313,#2647,#2648);
#2389=AXIS2_PLACEMENT_3D('',#3317,#2650,#2651);
#2390=AXIS2_PLACEMENT_3D('',#3321,#2653,#2654);
#2391=AXIS2_PLACEMENT_3D('',#3327,#2658,#2659);
#2392=AXIS2_PLACEMENT_3D('',#3335,#2664,#2665);
#2393=AXIS2_PLACEMENT_3D('',#3339,#2668,#2669);
#2394=AXIS2_PLACEMENT_3D('',#3343,#2672,#2673);
#2395=AXIS2_PLACEMENT_3D('',#3352,#2679,#2680);
#2396=AXIS2_PLACEMENT_3D('',#3356,#2683,#2684);
#2397=AXIS2_PLACEMENT_3D('',#3368,#2691,#2692);
#2398=AXIS2_PLACEMENT_3D('',#3372,#2695,#2696);
#2399=AXIS2_PLACEMENT_3D('',#3376,#2699,#2700);
#2400=AXIS2_PLACEMENT_3D('',#3381,#2704,#2705);
#2401=AXIS2_PLACEMENT_3D('',#3389,#2709,#2710);
#2402=AXIS2_PLACEMENT_3D('',#3392,#2712,#2713);
#2403=AXIS2_PLACEMENT_3D('',#3393,#2714,#2715);
#2404=AXIS2_PLACEMENT_3D('',#3398,#2717,#2718);
#2405=AXIS2_PLACEMENT_3D('',#3401,#2720,#2721);
#2406=AXIS2_PLACEMENT_3D('',#3402,#2722,#2723);
#2407=AXIS2_PLACEMENT_3D('',#3407,#2725,#2726);
#2408=AXIS2_PLACEMENT_3D('',#3410,#2728,#2729);
#2409=AXIS2_PLACEMENT_3D('',#3411,#2730,#2731);
#2410=AXIS2_PLACEMENT_3D('',#3415,#2733,#2734);
#2411=AXIS2_PLACEMENT_3D('',#3417,#2736,#2737);
#2412=AXIS2_PLACEMENT_3D('',#3422,#2740,#2741);
#2413=AXIS2_PLACEMENT_3D('',#3423,#2742,#2743);
#2414=AXIS2_PLACEMENT_3D('',#3428,#2746,#2747);
#2415=AXIS2_PLACEMENT_3D('',#3429,#2748,#2749);
#2416=AXIS2_PLACEMENT_3D('',#3432,#2752,#2753);
#2417=AXIS2_PLACEMENT_3D('',#3436,#2755,#2756);
#2418=AXIS2_PLACEMENT_3D('',#3438,#2758,#2759);
#2419=AXIS2_PLACEMENT_3D('',#3441,#2760,#2761);
#2420=AXIS2_PLACEMENT_3D('',#3445,#2763,#2764);
#2421=AXIS2_PLACEMENT_3D('',#3449,#2766,#2767);
#2422=AXIS2_PLACEMENT_3D('',#3453,#2769,#2770);
#2423=AXIS2_PLACEMENT_3D('',#3474,#2782,#2783);
#2424=AXIS2_PLACEMENT_3D('',#3476,#2784,#2785);
#2425=AXIS2_PLACEMENT_3D('',#3481,#2787,#2788);
#2426=AXIS2_PLACEMENT_3D('',#3484,#2790,#2791);
#2427=AXIS2_PLACEMENT_3D('',#3486,#2792,#2793);
#2428=AXIS2_PLACEMENT_3D('',#3488,#2794,#2795);
#2429=AXIS2_PLACEMENT_3D('',#3490,#2796,#2797);
#2430=AXIS2_PLACEMENT_3D('',#3492,#2798,#2799);
#2431=AXIS2_PLACEMENT_3D('',#3494,#2800,#2801);
#2432=AXIS2_PLACEMENT_3D('',#3496,#2802,#2803);
#2433=AXIS2_PLACEMENT_3D('',#3498,#2804,#2805);
#2434=AXIS2_PLACEMENT_3D('',#3500,#2806,#2807);
#2435=AXIS2_PLACEMENT_3D('',#3503,#2808,#2809);
#2436=AXIS2_PLACEMENT_3D('',#3507,#2811,#2812);
#2437=AXIS2_PLACEMENT_3D('',#3510,#2814,#2815);
#2438=AXIS2_PLACEMENT_3D('',#3512,#2816,#2817);
#2439=AXIS2_PLACEMENT_3D('',#3521,#2822,#2823);
#2440=AXIS2_PLACEMENT_3D('',#3525,#2826,#2827);
#2441=AXIS2_PLACEMENT_3D('',#3526,#2828,#2829);
#2442=AXIS2_PLACEMENT_3D('',#3529,#2831,#2832);
#2443=AXIS2_PLACEMENT_3D('',#3530,#2833,#2834);
#2444=AXIS2_PLACEMENT_3D('',#3532,#2836,#2837);
#2445=AXIS2_PLACEMENT_3D('',#3534,#2839,#2840);
#2446=AXIS2_PLACEMENT_3D('',#3538,#2842,#2843);
#2447=AXIS2_PLACEMENT_3D('',#3539,#2844,#2845);
#2448=AXIS2_PLACEMENT_3D('',#3540,#2846,#2847);
#2449=AXIS2_PLACEMENT_3D('',#3542,#2849,#2850);
#2450=AXIS2_PLACEMENT_3D('',#3544,#2852,#2853);
#2451=AXIS2_PLACEMENT_3D('',#3550,#2857,#2858);
#2452=AXIS2_PLACEMENT_3D('',#3562,#2865,#2866);
#2453=AXIS2_PLACEMENT_3D('',#3564,#2868,#2869);
#2454=AXIS2_PLACEMENT_3D('',#3568,#2871,#2872);
#2455=AXIS2_PLACEMENT_3D('',#3571,#2874,#2875);
#2456=AXIS2_PLACEMENT_3D('',#3572,#2876,#2877);
#2457=AXIS2_PLACEMENT_3D('',#3575,#2879,#2880);
#2458=AXIS2_PLACEMENT_3D('',#3576,#2881,#2882);
#2459=AXIS2_PLACEMENT_3D('',#3580,#2884,#2885);
#2460=AXIS2_PLACEMENT_3D('',#3582,#2887,#2888);
#2461=AXIS2_PLACEMENT_3D('',#3586,#2891,#2892);
#2462=AXIS2_PLACEMENT_3D('',#3591,#2896,#2897);
#2463=AXIS2_PLACEMENT_3D('',#3594,#2899,#2900);
#2464=AXIS2_PLACEMENT_3D('',#3595,#2901,#2902);
#2465=AXIS2_PLACEMENT_3D('',#3598,#2904,#2905);
#2466=AXIS2_PLACEMENT_3D('',#3599,#2906,#2907);
#2467=AXIS2_PLACEMENT_3D('',#3602,#2910,#2911);
#2468=AXIS2_PLACEMENT_3D('',#3604,#2913,#2914);
#2469=AXIS2_PLACEMENT_3D('',#3607,#2916,#2917);
#2470=AXIS2_PLACEMENT_3D('',#3608,#2918,#2919);
#2471=AXIS2_PLACEMENT_3D('',#3610,#2920,#2921);
#2472=AXIS2_PLACEMENT_3D('',#3612,#2923,#2924);
#2473=AXIS2_PLACEMENT_3D('',#3614,#2926,#2927);
#2474=AXIS2_PLACEMENT_3D('',#3619,#2930,#2931);
#2475=AXIS2_PLACEMENT_3D('',#3620,#2932,#2933);
#2476=AXIS2_PLACEMENT_3D('',#3632,#2940,#2941);
#2477=AXIS2_PLACEMENT_3D('',#3637,#2944,#2945);
#2478=AXIS2_PLACEMENT_3D('',#3638,#2946,#2947);
#2479=AXIS2_PLACEMENT_3D('',#3642,#2949,#2950);
#2480=AXIS2_PLACEMENT_3D('',#3645,#2952,#2953);
#2481=AXIS2_PLACEMENT_3D('',#3646,#2954,#2955);
#2482=AXIS2_PLACEMENT_3D('',#3649,#2957,#2958);
#2483=AXIS2_PLACEMENT_3D('',#3650,#2959,#2960);
#2484=AXIS2_PLACEMENT_3D('',#3654,#2962,#2963);
#2485=AXIS2_PLACEMENT_3D('',#3656,#2965,#2966);
#2486=AXIS2_PLACEMENT_3D('',#3661,#2970,#2971);
#2487=AXIS2_PLACEMENT_3D('',#3665,#2974,#2975);
#2488=AXIS2_PLACEMENT_3D('',#3666,#2976,#2977);
#2489=AXIS2_PLACEMENT_3D('',#3667,#2978,#2979);
#2490=AXIS2_PLACEMENT_3D('',#3669,#2981,#2982);
#2491=AXIS2_PLACEMENT_3D('',#3671,#2984,#2985);
#2492=AXIS2_PLACEMENT_3D('',#3677,#2989,#2990);
#2493=AXIS2_PLACEMENT_3D('',#3683,#2994,#2995);
#2494=AXIS2_PLACEMENT_3D('',#3689,#2999,#3000);
#2495=AXIS2_PLACEMENT_3D('',#3695,#3004,#3005);
#2496=AXIS2_PLACEMENT_3D('',#3701,#3009,#3010);
#2497=AXIS2_PLACEMENT_3D('',#3707,#3014,#3015);
#2498=AXIS2_PLACEMENT_3D('',#3710,#3018,#3019);
#2499=AXIS2_PLACEMENT_3D('',#3712,#3020,#3021);
#2500=AXIS2_PLACEMENT_3D('',#3713,#3022,#3023);
#2501=AXIS2_PLACEMENT_3D('',#3715,#3024,#3025);
#2502=AXIS2_PLACEMENT_3D('',#3716,#3026,#3027);
#2503=AXIS2_PLACEMENT_3D('',#3718,#3028,#3029);
#2504=AXIS2_PLACEMENT_3D('',#3720,#3031,#3032);
#2505=AXIS2_PLACEMENT_3D('',#3723,#3034,#3035);
#2506=AXIS2_PLACEMENT_3D('',#3724,#3036,#3037);
#2507=AXIS2_PLACEMENT_3D('',#3730,#3041,#3042);
#2508=AXIS2_PLACEMENT_3D('',#3736,#3046,#3047);
#2509=AXIS2_PLACEMENT_3D('',#3742,#3051,#3052);
#2510=AXIS2_PLACEMENT_3D('',#3748,#3056,#3057);
#2511=AXIS2_PLACEMENT_3D('',#3754,#3061,#3062);
#2512=AXIS2_PLACEMENT_3D('',#3760,#3066,#3067);
#2513=AXIS2_PLACEMENT_3D('',#3763,#3070,#3071);
#2514=AXIS2_PLACEMENT_3D('',#3765,#3072,#3073);
#2515=AXIS2_PLACEMENT_3D('',#3766,#3074,#3075);
#2516=AXIS2_PLACEMENT_3D('',#3768,#3076,#3077);
#2517=AXIS2_PLACEMENT_3D('',#3769,#3078,#3079);
#2518=AXIS2_PLACEMENT_3D('',#3771,#3081,#3082);
#2519=AXIS2_PLACEMENT_3D('',#3773,#3084,#3085);
#2520=AXIS2_PLACEMENT_3D('',#3776,#3086,#3087);
#2521=AXIS2_PLACEMENT_3D('',#3779,#3090,#3091);
#2522=AXIS2_PLACEMENT_3D('',#3783,#3094,#3095);
#2523=AXIS2_PLACEMENT_3D('',#3785,#3096,#3097);
#2524=AXIS2_PLACEMENT_3D('',#3787,#3099,#3100);
#2525=AXIS2_PLACEMENT_3D('',#3790,#3101,#3102);
#2526=AXIS2_PLACEMENT_3D('',#3793,#3105,#3106);
#2527=AXIS2_PLACEMENT_3D('',#3797,#3109,#3110);
#2528=AXIS2_PLACEMENT_3D('',#3799,#3111,#3112);
#2529=AXIS2_PLACEMENT_3D('',#3801,#3114,#3115);
#2530=AXIS2_PLACEMENT_3D('',#3803,#3117,#3118);
#2531=AXIS2_PLACEMENT_3D('',#3805,#3120,#3121);
#2532=AXIS2_PLACEMENT_3D('',#3806,#3122,#3123);
#2533=AXIS2_PLACEMENT_3D('',#3807,#3124,#3125);
#2534=AXIS2_PLACEMENT_3D('',#3808,#3126,#3127);
#2535=AXIS2_PLACEMENT_3D('',#3809,#3128,#3129);
#2536=AXIS2_PLACEMENT_3D('',#3813,#3132,#3133);
#2537=AXIS2_PLACEMENT_3D('',#3817,#3136,#3137);
#2538=AXIS2_PLACEMENT_3D('',#3819,#3139,#3140);
#2539=AXIS2_PLACEMENT_3D('',#3821,#3141,#3142);
#2540=AXIS2_PLACEMENT_3D('',#3823,#3144,#3145);
#2541=AXIS2_PLACEMENT_3D('',#3825,#3146,#3147);
#2542=AXIS2_PLACEMENT_3D('',#3827,#3149,#3150);
#2543=AXIS2_PLACEMENT_3D('',#3833,#3154,#3155);
#2544=AXIS2_PLACEMENT_3D('',#3835,#3156,#3157);
#2545=AXIS2_PLACEMENT_3D('',#3837,#3159,#3160);
#2546=AXIS2_PLACEMENT_3D('',#3841,#3163,#3164);
#2547=AXIS2_PLACEMENT_3D('',#3842,#3165,#3166);
#2548=AXIS2_PLACEMENT_3D('',#3843,#3167,#3168);
#2549=AXIS2_PLACEMENT_3D('',#3845,#3169,#3170);
#2550=AXIS2_PLACEMENT_3D('',#3847,#3172,#3173);
#2551=AXIS2_PLACEMENT_3D('',#3849,#3174,#3175);
#2552=AXIS2_PLACEMENT_3D('',#3851,#3177,#3178);
#2553=AXIS2_PLACEMENT_3D('',#3853,#3179,#3180);
#2554=AXIS2_PLACEMENT_3D('',#3855,#3182,#3183);
#2555=AXIS2_PLACEMENT_3D('',#3857,#3184,#3185);
#2556=AXIS2_PLACEMENT_3D('',#3859,#3187,#3188);
#2557=AXIS2_PLACEMENT_3D('',#3861,#3189,#3190);
#2558=AXIS2_PLACEMENT_3D('',#3863,#3192,#3193);
#2559=AXIS2_PLACEMENT_3D('',#3865,#3194,#3195);
#2560=AXIS2_PLACEMENT_3D('',#3867,#3197,#3198);
#2561=AXIS2_PLACEMENT_3D('',#3869,#3199,#3200);
#2562=AXIS2_PLACEMENT_3D('',#3871,#3202,#3203);
#2563=AXIS2_PLACEMENT_3D('',#3873,#3204,#3205);
#2564=AXIS2_PLACEMENT_3D('',#3875,#3207,#3208);
#2565=AXIS2_PLACEMENT_3D('',#3879,#3210,#3211);
#2566=AXIS2_PLACEMENT_3D('',#3881,#3213,#3214);
#2567=AXIS2_PLACEMENT_3D('',#3885,#3217,#3218);
#2568=AXIS2_PLACEMENT_3D('',#3887,#3219,#3220);
#2569=AXIS2_PLACEMENT_3D('',#3889,#3222,#3223);
#2570=AXIS2_PLACEMENT_3D('',#3891,#3225,#3226);
#2571=AXIS2_PLACEMENT_3D('',#3893,#3227,#3228);
#2572=AXIS2_PLACEMENT_3D('',#3895,#3230,#3231);
#2573=AXIS2_PLACEMENT_3D('',#3897,#3232,#3233);
#2574=AXIS2_PLACEMENT_3D('',#3899,#3235,#3236);
#2575=AXIS2_PLACEMENT_3D('',#3901,#3238,#3239);
#2576=AXIS2_PLACEMENT_3D('',#3903,#3241,#3242);
#2577=DIRECTION('axis',(0.,0.,1.));
#2578=DIRECTION('refdir',(1.,0.,0.));
#2579=DIRECTION('center_axis',(-1.,-4.62073922220263E-63,2.017732905703E-78));
#2580=DIRECTION('ref_axis',(0.,-0.707106781186526,0.70710678118657));
#2581=DIRECTION('',(1.,4.62073922220263E-63,-2.017732905703E-78));
#2582=DIRECTION('center_axis',(0.707106781186573,-0.707106781186522,0.));
#2583=DIRECTION('ref_axis',(-0.707106781186522,-0.707106781186573,-1.47196168001609E-16));
#2584=DIRECTION('',(-1.,-4.62073922220263E-63,2.017732905703E-78));
#2585=DIRECTION('center_axis',(0.707046977566452,-0.707166579749174,0.));
#2586=DIRECTION('ref_axis',(0.707166579749174,0.707046977566452,-2.8532639458424E-78));
#2587=DIRECTION('center_axis',(-1.,-4.62073922220263E-63,2.017732905703E-78));
#2588=DIRECTION('ref_axis',(0.,-0.707106781186526,0.70710678118657));
#2589=DIRECTION('',(-1.,-4.62073922220263E-63,2.017732905703E-78));
#2590=DIRECTION('center_axis',(0.707106781186573,0.707106781186522,0.));
#2591=DIRECTION('ref_axis',(0.707106781186522,-0.707106781186573,-2.85350524049176E-78));
#2592=DIRECTION('',(1.,4.62073922220263E-63,-2.017732905703E-78));
#2593=DIRECTION('center_axis',(-0.707106781186522,-0.707106781186573,0.));
#2594=DIRECTION('ref_axis',(0.707106781186573,-0.707106781186522,-2.85350524049156E-78));
#2595=DIRECTION('center_axis',(1.,4.62073922220263E-63,-2.017732905703E-78));
#2596=DIRECTION('ref_axis',(0.,0.707106781186551,0.707106781186544));
#2597=DIRECTION('',(1.,4.62073922220263E-63,-2.017732905703E-78));
#2598=DIRECTION('center_axis',(-0.707106781186623,0.707106781186472,0.));
#2599=DIRECTION('ref_axis',(-0.707106781186472,-0.707106781186623,2.85350524049196E-78));
#2600=DIRECTION('',(-1.,-4.62073922220263E-63,2.017732905703E-78));
#2601=DIRECTION('center_axis',(0.707106781186573,-0.707106781186522,0.));
#2602=DIRECTION('ref_axis',(-0.707106781186522,-0.707106781186573,2.85350524049176E-78));
#2603=DIRECTION('center_axis',(-0.000155385531933739,-0.999999987927668,
3.1352650085287E-82));
#2604=DIRECTION('ref_axis',(-0.707106772650075,0.000109874163323051,0.707106781186592));
#2605=DIRECTION('',(0.000155385531933739,0.999999987927668,-3.1352650085287E-82));
#2606=DIRECTION('center_axis',(-0.707161716134251,-0.70705184197063,0.));
#2607=DIRECTION('ref_axis',(-0.70705184197063,0.707161716134251,-4.43427882146599E-82));
#2608=DIRECTION('',(-0.000155385531933739,-0.999999987927668,3.1352650085287E-82));
#2609=DIRECTION('center_axis',(0.707201683845011,0.707011865789239,0.));
#2610=DIRECTION('ref_axis',(-0.707011865789239,0.707201683845011,-4.43402813900616E-82));
#2611=DIRECTION('center_axis',(-1.,-4.62073922220263E-63,2.017732905703E-78));
#2612=DIRECTION('ref_axis',(0.,0.707106781186541,0.707106781186554));
#2613=DIRECTION('',(1.,4.62073922220263E-63,-2.017732905703E-78));
#2614=DIRECTION('center_axis',(0.707106781186566,0.707106781186529,0.));
#2615=DIRECTION('ref_axis',(-0.707106781186529,0.707106781186566,-4.90653893338693E-17));
#2616=DIRECTION('',(-1.,-4.62073922220263E-63,2.017732905703E-78));
#2617=DIRECTION('center_axis',(-0.999999993608974,0.000113057736884498,
2.01773289280762E-78));
#2618=DIRECTION('ref_axis',(7.99438923751238E-5,0.707106776667408,0.707106781186549));
#2619=DIRECTION('',(0.999999993608974,-0.000113057736884498,-2.01773289280762E-78));
#2620=DIRECTION('',(-0.999999993608974,0.000113057736884498,2.01773289280762E-78));
#2621=DIRECTION('center_axis',(0.707066808110511,-0.707146752003015,0.));
#2622=DIRECTION('ref_axis',(0.707146752003015,0.707066808110511,-2.85366654135513E-78));
#2623=DIRECTION('center_axis',(5.15801830154654E-15,1.,-1.04075032552488E-92));
#2624=DIRECTION('ref_axis',(0.707106781186529,0.,0.707106781186566));
#2625=DIRECTION('',(-5.15801830154654E-15,-1.,1.04075032552488E-92));
#2626=DIRECTION('',(5.15801830154654E-15,1.,-1.04075032552488E-92));
#2627=DIRECTION('center_axis',(4.62073922220263E-63,-1.,-9.32341757731074E-141));
#2628=DIRECTION('ref_axis',(0.707106781186526,0.,0.70710678118657));
#2629=DIRECTION('',(4.62073922220263E-63,-1.,-9.32341757731074E-141));
#2630=DIRECTION('',(-4.62073922220263E-63,1.,9.32341757731074E-141));
#2631=DIRECTION('center_axis',(5.15801830154654E-15,1.,-1.04075032552488E-92));
#2632=DIRECTION('ref_axis',(0.707106781186529,0.,0.707106781186566));
#2633=DIRECTION('',(-5.15801830154654E-15,-1.,1.04075032552488E-92));
#2634=DIRECTION('',(5.15801830154654E-15,1.,-1.04075032552488E-92));
#2635=DIRECTION('center_axis',(-0.707148675519662,-0.70706488437115,0.));
#2636=DIRECTION('ref_axis',(0.70706488437115,-0.707148675519662,1.47175602748611E-92));
#2637=DIRECTION('center_axis',(0.999999992979044,-0.000118498578322076,
-2.01773289153659E-78));
#2638=DIRECTION('ref_axis',(-8.37911482587103E-5,-0.707106776221992,0.707106781186537));
#2639=DIRECTION('',(-0.999999992979043,0.000118498578322076,2.01773289153659E-78));
#2640=DIRECTION('',(0.999999992979043,-0.000118498578322076,-2.01773289153659E-78));
#2641=DIRECTION('center_axis',(-0.707005077208164,0.707208470538835,0.));
#2642=DIRECTION('ref_axis',(-0.707208470538835,-0.707005077208164,2.85343296609983E-78));
#2643=DIRECTION('center_axis',(-0.000169143028416998,-0.999999985695318,
3.41285454207235E-82));
#2644=DIRECTION('ref_axis',(-0.707106771071604,0.000119602182372925,0.707106781186554));
#2645=DIRECTION('',(0.000169143028416998,0.999999985695318,-3.41285454207235E-82));
#2646=DIRECTION('',(-0.000169143028416998,-0.999999985695318,3.41285454207235E-82));
#2647=DIRECTION('center_axis',(4.62073922220263E-63,-1.,0.));
#2648=DIRECTION('ref_axis',(-1.,-4.62073922220263E-63,2.017732905703E-78));
#2649=DIRECTION('',(-2.62932996038804E-20,4.36668855062801E-16,1.));
#2650=DIRECTION('center_axis',(-4.62073922220263E-63,1.,0.));
#2651=DIRECTION('ref_axis',(-1.,0.,1.33226761049252E-14));
#2652=DIRECTION('',(-1.,0.,0.));
#2653=DIRECTION('center_axis',(-4.62073922220263E-63,1.,0.));
#2654=DIRECTION('ref_axis',(0.707106781186526,0.,0.70710678118657));
#2655=DIRECTION('',(0.,0.,-1.));
#2656=DIRECTION('',(-1.,-4.62073922220263E-63,2.017732905703E-78));
#2657=DIRECTION('',(0.,0.,-1.));
#2658=DIRECTION('center_axis',(0.999999985695318,-0.000169143028416998,
1.00152791788469E-19));
#2659=DIRECTION('ref_axis',(0.000169143028416998,0.999999985695318,-4.19321614304771E-16));
#2660=DIRECTION('',(0.,5.9211894646675E-16,1.));
#2661=DIRECTION('',(-0.000169143028416998,-0.999999985695318,4.19321614304771E-16));
#2662=DIRECTION('',(1.00152793221122E-19,4.6277993984999E-82,-1.));
#2663=DIRECTION('',(-0.000169143028416998,-0.999999985695318,4.36668848816392E-16));
#2664=DIRECTION('center_axis',(0.000118498578322076,0.999999992979044,-5.92118942309509E-16));
#2665=DIRECTION('ref_axis',(-0.999999992979043,0.000118498578322076,-4.96890158656187E-20));
#2666=DIRECTION('',(0.,5.9211894646675E-16,1.));
#2667=DIRECTION('',(0.999999992979043,-0.000118498578322076,4.96890158656187E-20));
#2668=DIRECTION('center_axis',(-1.,5.15801830154654E-15,-3.05416036256796E-30));
#2669=DIRECTION('ref_axis',(-5.15801830154654E-15,-1.,4.19321620303033E-16));
#2670=DIRECTION('',(-3.05416036256796E-30,-1.41124785782143E-92,1.));
#2671=DIRECTION('',(5.15801830154654E-15,1.,-4.19321620303033E-16));
#2672=DIRECTION('center_axis',(4.62073922220263E-63,-1.,0.));
#2673=DIRECTION('ref_axis',(-1.,-4.62073922220263E-63,2.017732905703E-78));
#2674=DIRECTION('',(0.,0.,-1.));
#2675=DIRECTION('',(-1.,-4.62073922220263E-63,2.017732905703E-78));
#2676=DIRECTION('',(0.,0.,-1.));
#2677=DIRECTION('',(1.,4.62073922220263E-63,-2.017732905703E-78));
#2678=DIRECTION('',(-1.,-4.62073922220263E-63,-2.40741243048404E-35));
#2679=DIRECTION('center_axis',(1.,4.62073922220263E-63,0.));
#2680=DIRECTION('ref_axis',(4.62073922220263E-63,-1.,0.));
#2681=DIRECTION('',(0.,0.,-1.));
#2682=DIRECTION('',(4.62073922220263E-63,-1.,0.));
#2683=DIRECTION('center_axis',(-4.62073922220263E-63,1.,0.));
#2684=DIRECTION('ref_axis',(1.,4.62073922220263E-63,-2.017732905703E-78));
#2685=DIRECTION('',(3.05416036256796E-30,1.41124785782143E-92,-1.));
#2686=DIRECTION('',(1.,4.62073922220263E-63,2.40741243048404E-35));
#2687=DIRECTION('',(-9.20067185755169E-20,-4.2513905322805E-82,1.));
#2688=DIRECTION('',(-1.,-4.62073922220263E-63,2.017732905703E-78));
#2689=DIRECTION('',(0.,0.,-1.));
#2690=DIRECTION('',(1.,4.62073922220263E-63,-2.017732905703E-78));
#2691=DIRECTION('center_axis',(-1.,5.15801830154654E-15,-3.05416036256796E-30));
#2692=DIRECTION('ref_axis',(-5.15801830154654E-15,-1.,4.19321620303033E-16));
#2693=DIRECTION('',(0.,5.9211894646675E-16,1.));
#2694=DIRECTION('',(5.15801830154654E-15,1.,-4.19321620303033E-16));
#2695=DIRECTION('center_axis',(-0.000113057736884498,-0.999999993608974,
5.92118942682503E-16));
#2696=DIRECTION('ref_axis',(0.999999993608974,-0.000113057736884498,4.74075534182017E-20));
#2697=DIRECTION('',(0.,5.9211894646675E-16,1.));
#2698=DIRECTION('',(-0.999999993608974,0.000113057736884498,-4.74075534182017E-20));
#2699=DIRECTION('center_axis',(0.999999987927668,-0.000155385531933739,
9.20067174647812E-20));
#2700=DIRECTION('ref_axis',(0.000155385531933739,0.999999987927668,-4.19321615240844E-16));
#2701=DIRECTION('',(2.41546954335544E-20,-4.36668855062801E-16,-1.));
#2702=DIRECTION('',(-0.000155385531933739,-0.999999987927668,4.3666884979119E-16));
#2703=DIRECTION('',(-0.000155385531933739,-0.999999987927668,4.19321615240844E-16));
#2704=DIRECTION('center_axis',(-4.62073922220263E-63,1.,0.));
#2705=DIRECTION('ref_axis',(1.,4.62073922220263E-63,-2.017732905703E-78));
#2706=DIRECTION('',(0.,0.,-1.));
#2707=DIRECTION('',(1.,4.62073922220263E-63,-2.017732905703E-78));
#2708=DIRECTION('',(0.,0.,-1.));
#2709=DIRECTION('center_axis',(4.62073922220263E-63,-1.,0.));
#2710=DIRECTION('ref_axis',(0.707106781186526,0.,0.70710678118657));
#2711=DIRECTION('',(-1.,0.,0.));
#2712=DIRECTION('center_axis',(4.62073922220263E-63,-1.,0.));
#2713=DIRECTION('ref_axis',(-1.,0.,-3.59243248863788E-9));
#2714=DIRECTION('center_axis',(0.999999993608722,-0.000113059966538875,
-2.01773289280711E-78));
#2715=DIRECTION('ref_axis',(-7.99454689991656E-5,-0.707106776667244,0.707106781186535));
#2716=DIRECTION('',(-0.999999993608722,0.000113059966538875,2.01773289280711E-78));
#2717=DIRECTION('center_axis',(-0.707212312286238,-0.707001234334675,0.));
#2718=DIRECTION('ref_axis',(0.707001234334675,-0.707212312286237,-1.96268660832097E-16));
#2719=DIRECTION('',(0.999999993608722,-0.000113059966538875,-2.01773289280711E-78));
#2720=DIRECTION('center_axis',(-0.707001478665951,0.707212068027801,0.));
#2721=DIRECTION('ref_axis',(-0.707212068027801,-0.70700147866595,2.85340293187649E-78));
#2722=DIRECTION('center_axis',(-0.0001687723389744,-0.999999985757949,3.40537501921108E-82));
#2723=DIRECTION('ref_axis',(-0.707106771115954,0.000119340065359921,0.70710678118649));
#2724=DIRECTION('',(0.0001687723389744,0.999999985757949,-3.40537501921108E-82));
#2725=DIRECTION('center_axis',(-0.707166448701726,-0.707047108636043,0.));
#2726=DIRECTION('ref_axis',(-0.707047108636043,0.707166448701726,-4.81633398626136E-82));
#2727=DIRECTION('',(-0.0001687723389744,-0.999999985757949,3.40537501921108E-82));
#2728=DIRECTION('center_axis',(0.707204453355578,0.707009095524264,1.25590044235272E-14));
#2729=DIRECTION('ref_axis',(-0.707009095524264,0.707204453355578,-1.25597738994236E-14));
#2730=DIRECTION('center_axis',(-1.,1.4210854715202E-15,2.017732905703E-78));
#2731=DIRECTION('ref_axis',(0.,0.707106781186554,0.707106781186541));
#2732=DIRECTION('',(1.,-1.4210854715202E-15,-2.017732905703E-78));
#2733=DIRECTION('center_axis',(-0.707106781186573,-0.707106781186522,0.));
#2734=DIRECTION('ref_axis',(0.707106781186522,-0.707106781186573,-2.85350524049176E-78));
#2735=DIRECTION('',(-1.,1.4210854715202E-15,2.017732905703E-78));
#2736=DIRECTION('center_axis',(-4.62073922220263E-63,1.,9.32341757731074E-141));
#2737=DIRECTION('ref_axis',(-0.707106781186526,0.,0.70710678118657));
#2738=DIRECTION('',(4.62073922220263E-63,-1.,-9.32341757731074E-141));
#2739=DIRECTION('',(-4.62073922220263E-63,1.,9.32341757731074E-141));
#2740=DIRECTION('center_axis',(0.707106781186573,-0.707106781186522,0.));
#2741=DIRECTION('ref_axis',(-0.707106781186522,-0.707106781186573,-1.31853035855001E-140));
#2742=DIRECTION('center_axis',(-1.,-4.62073922220263E-63,2.017732905703E-78));
#2743=DIRECTION('ref_axis',(0.,-0.707106781186526,0.70710678118657));
#2744=DIRECTION('',(1.,4.62073922220263E-63,-2.017732905703E-78));
#2745=DIRECTION('',(-1.,-4.62073922220263E-63,2.017732905703E-78));
#2746=DIRECTION('center_axis',(0.707041456222763,-0.707172100115944,0.));
#2747=DIRECTION('ref_axis',(0.707172100115944,0.707041456222763,-2.85324167253231E-78));
#2748=DIRECTION('center_axis',(-0.000184758364901604,-0.999999982932173,
3.72793032465848E-82));
#2749=DIRECTION('ref_axis',(-0.70710676911776,0.000130643892708448,0.707106781186559));
#2750=DIRECTION('',(-0.000184758364901604,-0.999999982932173,3.72793032465848E-82));
#2751=DIRECTION('',(0.000184758364901604,0.999999982932173,-3.72793032465848E-82));
#2752=DIRECTION('center_axis',(-0.999999994221299,0.000107505355536386,
2.01773289404313E-78));
#2753=DIRECTION('ref_axis',(7.601776589889E-5,0.707106777100395,0.707106781186542));
#2754=DIRECTION('',(-0.999999994221299,0.000107505355536386,2.01773289404313E-78));
#2755=DIRECTION('center_axis',(-0.707008529587445,0.70720501913561,0.));
#2756=DIRECTION('ref_axis',(0.70720501913561,0.707008529587445,4.90638470011014E-17));
#2757=DIRECTION('',(0.999999994221299,-0.000107505355536386,-2.01773289404313E-78));
#2758=DIRECTION('center_axis',(-2.017732905703E-78,0.,-1.));
#2759=DIRECTION('ref_axis',(1.,4.62073922220263E-63,-2.017732905703E-78));
#2760=DIRECTION('center_axis',(-2.017732905703E-78,0.,-1.));
#2761=DIRECTION('ref_axis',(0.707106781186545,-0.70710678118655,0.));
#2762=DIRECTION('',(4.62073922220263E-63,-1.,0.));
#2763=DIRECTION('center_axis',(-2.017732905703E-78,0.,-1.));
#2764=DIRECTION('ref_axis',(0.707106781186539,0.707106781186556,0.));
#2765=DIRECTION('',(-1.,-8.39885030449291E-17,0.));
#2766=DIRECTION('center_axis',(-2.017732905703E-78,0.,-1.));
#2767=DIRECTION('ref_axis',(-0.707106781186539,0.707106781186556,0.));
#2768=DIRECTION('',(4.62073922220263E-63,-1.,0.));
#2769=DIRECTION('center_axis',(-2.017732905703E-78,0.,-1.));
#2770=DIRECTION('ref_axis',(-0.707106781186543,-0.707106781186552,0.));
#2771=DIRECTION('',(-1.,-4.62073922220263E-63,2.017732905703E-78));
#2772=DIRECTION('',(-4.62073922220263E-63,1.,9.32341757731074E-141));
#2773=DIRECTION('',(-1.,-4.62073922220263E-63,2.017732905703E-78));
#2774=DIRECTION('',(-0.000185449335011374,-0.999999982804272,3.7418722559319E-82));
#2775=DIRECTION('',(-0.000170372828236509,-0.99999998548655,3.4376686177049E-82));
#2776=DIRECTION('',(1.,4.62073922220263E-63,-2.017732905703E-78));
#2777=DIRECTION('',(-4.62073922220263E-63,1.,9.32341757731074E-141));
#2778=DIRECTION('',(-0.999999994221299,0.000107505355555173,2.01773289404313E-78));
#2779=DIRECTION('',(0.000107505355524126,0.999999994221299,-2.16917093380329E-82));
#2780=DIRECTION('',(0.999999994221299,-0.000107505355538649,-2.01773289404313E-78));
#2781=DIRECTION('',(-0.000107505355524126,-0.999999994221299,2.16917093380329E-82));
#2782=DIRECTION('center_axis',(2.017732905703E-78,4.93038065763132E-32,
1.));
#2783=DIRECTION('ref_axis',(1.,4.62073922220263E-63,-2.017732905703E-78));
#2784=DIRECTION('center_axis',(2.017732905703E-78,4.93038065763132E-32,
1.));
#2785=DIRECTION('ref_axis',(1.,4.62073922220263E-63,-2.017732905703E-78));
#2786=DIRECTION('',(1.,4.62073922220263E-63,-2.017732905703E-78));
#2787=DIRECTION('center_axis',(2.017732905703E-78,0.,1.));
#2788=DIRECTION('ref_axis',(1.,4.62073922220263E-63,-2.017732905703E-78));
#2789=DIRECTION('',(-1.,-4.62073922220263E-63,2.017732905703E-78));
#2790=DIRECTION('center_axis',(2.017732905703E-78,0.,1.));
#2791=DIRECTION('ref_axis',(1.,4.62073922220263E-63,-2.017732905703E-78));
#2792=DIRECTION('center_axis',(2.017732905703E-78,4.93038065763132E-32,
1.));
#2793=DIRECTION('ref_axis',(1.,4.62073922220263E-63,-2.017732905703E-78));
#2794=DIRECTION('center_axis',(2.017732905703E-78,4.93038065763132E-32,
1.));
#2795=DIRECTION('ref_axis',(1.,4.62073922220263E-63,-2.017732905703E-78));
#2796=DIRECTION('center_axis',(2.017732905703E-78,4.93038065763132E-32,
1.));
#2797=DIRECTION('ref_axis',(1.,4.62073922220263E-63,-2.017732905703E-78));
#2798=DIRECTION('center_axis',(2.017732905703E-78,4.93038065763132E-32,
1.));
#2799=DIRECTION('ref_axis',(1.,4.62073922220263E-63,-2.017732905703E-78));
#2800=DIRECTION('center_axis',(2.017732905703E-78,4.93038065763132E-32,
1.));
#2801=DIRECTION('ref_axis',(1.,4.62073922220263E-63,-2.017732905703E-78));
#2802=DIRECTION('center_axis',(2.017732905703E-78,4.93038065763132E-32,
1.));
#2803=DIRECTION('ref_axis',(1.,4.62073922220263E-63,-2.017732905703E-78));
#2804=DIRECTION('center_axis',(2.017732905703E-78,4.93038065763132E-32,
1.));
#2805=DIRECTION('ref_axis',(1.,4.62073922220263E-63,-2.017732905703E-78));
#2806=DIRECTION('center_axis',(2.017732905703E-78,4.93038065763132E-32,
1.));
#2807=DIRECTION('ref_axis',(1.,4.62073922220263E-63,-2.017732905703E-78));
#2808=DIRECTION('center_axis',(2.017732905703E-78,0.,1.));
#2809=DIRECTION('ref_axis',(1.,4.62073922220263E-63,-2.017732905703E-78));
#2810=DIRECTION('',(-1.,-4.62073922220263E-63,2.017732905703E-78));
#2811=DIRECTION('center_axis',(2.017732905703E-78,0.,1.));
#2812=DIRECTION('ref_axis',(1.,4.62073922220263E-63,-2.017732905703E-78));
#2813=DIRECTION('',(1.,4.62073922220263E-63,-2.017732905703E-78));
#2814=DIRECTION('center_axis',(2.017732905703E-78,4.93038065763132E-32,
1.));
#2815=DIRECTION('ref_axis',(1.,4.62073922220263E-63,-2.017732905703E-78));
#2816=DIRECTION('center_axis',(2.017732905703E-78,4.93038065763132E-32,
1.));
#2817=DIRECTION('ref_axis',(1.,4.62073922220263E-63,-2.017732905703E-78));
#2818=DIRECTION('',(0.000170372828205113,0.99999998548655,-3.4376686170714E-82));
#2819=DIRECTION('',(0.99999998548655,-0.000170372828335557,-2.01773287641874E-78));
#2820=DIRECTION('',(-0.000170372828205113,-0.99999998548655,3.4376686170714E-82));
#2821=DIRECTION('',(-0.99999998548655,0.00017037282833555,2.01773287641874E-78));
#2822=DIRECTION('center_axis',(4.62073922220263E-63,-1.,4.36668855062801E-16));
#2823=DIRECTION('ref_axis',(0.707106781186526,0.,0.70710678118657));
#2824=DIRECTION('',(-4.62073922220263E-63,1.,-4.36668855062801E-16));
#2825=DIRECTION('',(4.62073922220263E-63,-1.,4.36668855062801E-16));
#2826=DIRECTION('center_axis',(0.707106781186573,0.707106781186522,0.));
#2827=DIRECTION('ref_axis',(-0.707106781186522,0.707106781186573,-6.17543017095723E-16));
#2828=DIRECTION('center_axis',(-1.,-4.62073922220263E-63,2.017732905703E-78));
#2829=DIRECTION('ref_axis',(0.,-0.707106781186526,0.70710678118657));
#2830=DIRECTION('',(-1.,-4.62073922220263E-63,2.017732905703E-78));
#2831=DIRECTION('center_axis',(0.707046977566477,-0.707166579749149,0.));
#2832=DIRECTION('ref_axis',(0.707166579749149,0.707046977566477,-2.8532639458425E-78));
#2833=DIRECTION('center_axis',(0.000169143028416998,0.999999985695318,-4.36668848816392E-16));
#2834=DIRECTION('ref_axis',(-0.7071067710716,0.000119602182322681,0.707106781186557));
#2835=DIRECTION('',(0.000169143028416998,0.999999985695318,-4.36668848816392E-16));
#2836=DIRECTION('center_axis',(1.,4.62073922220263E-63,0.));
#2837=DIRECTION('ref_axis',(4.62073922220263E-63,-1.,0.));
#2838=DIRECTION('',(4.62073922220263E-63,-1.,0.));
#2839=DIRECTION('center_axis',(-1.,-4.62073922220263E-63,2.017732905703E-78));
#2840=DIRECTION('ref_axis',(0.,-0.707106781186526,0.70710678118657));
#2841=DIRECTION('',(1.,4.62073922220263E-63,-2.017732905703E-78));
#2842=DIRECTION('center_axis',(-0.707172344388247,-0.707041211905239,0.));
#2843=DIRECTION('ref_axis',(0.70704121190524,-0.707172344388247,-2.85376986762326E-78));
#2844=DIRECTION('center_axis',(0.707106781186573,-0.707106781186522,0.));
#2845=DIRECTION('ref_axis',(0.707106781186522,0.707106781186573,-2.85350524049176E-78));
#2846=DIRECTION('center_axis',(0.000185449335011374,0.999999982804272,-3.7418722559319E-82));
#2847=DIRECTION('ref_axis',(0.707106769027322,-0.000131132482369829,0.707106781186557));
#2848=DIRECTION('',(0.000185449335011374,0.999999982804272,-3.7418722559319E-82));
#2849=DIRECTION('center_axis',(-4.62073922220263E-63,1.,9.32341757731074E-141));
#2850=DIRECTION('ref_axis',(-0.707106781186526,0.,0.70710678118657));
#2851=DIRECTION('',(4.62073922220263E-63,-1.,-9.32341757731074E-141));
#2852=DIRECTION('center_axis',(-0.999999982804272,0.000185449335011374,
-1.09808064869894E-19));
#2853=DIRECTION('ref_axis',(-0.000185449335011374,-0.999999982804272,4.19321613092493E-16));
#2854=DIRECTION('',(-1.09808066758124E-19,-5.07394440983508E-82,1.));
#2855=DIRECTION('',(0.000185449335011374,0.999999982804272,-4.19321613092493E-16));
#2856=DIRECTION('',(0.,5.9211894646675E-16,1.));
#2857=DIRECTION('center_axis',(4.62073922220263E-63,-1.,0.));
#2858=DIRECTION('ref_axis',(-1.,-4.62073922220263E-63,2.017732905703E-78));
#2859=DIRECTION('',(0.,0.,-1.));
#2860=DIRECTION('',(-1.,-4.62073922220263E-63,2.017732905703E-78));
#2861=DIRECTION('',(0.,0.,-1.));
#2862=DIRECTION('',(1.,4.62073922220263E-63,-2.01773291523179E-78));
#2863=DIRECTION('',(1.09398930243659E-19,5.05503927843884E-82,-1.));
#2864=DIRECTION('',(-1.,-4.62073922220263E-63,-2.40741243048404E-35));
#2865=DIRECTION('center_axis',(-1.,-4.62073922220263E-63,0.));
#2866=DIRECTION('ref_axis',(-4.62073922220263E-63,1.,0.));
#2867=DIRECTION('',(-4.62073922220263E-63,1.,0.));
#2868=DIRECTION('center_axis',(4.62073922220263E-63,-1.,4.3666885712498E-16));
#2869=DIRECTION('ref_axis',(0.707106781186526,0.,0.70710678118657));
#2870=DIRECTION('',(-4.62073922220263E-63,1.,-4.3666885712498E-16));
#2871=DIRECTION('center_axis',(-4.62073922220263E-63,1.,0.));
#2872=DIRECTION('ref_axis',(0.707106781186526,0.,0.70710678118657));
#2873=DIRECTION('',(4.62073922220263E-63,-1.,4.3666885712498E-16));
#2874=DIRECTION('center_axis',(0.707106781186573,0.707106781186522,0.));
#2875=DIRECTION('ref_axis',(-0.707106781186522,0.707106781186573,-6.17543020012084E-16));
#2876=DIRECTION('center_axis',(-1.,-4.62073922220263E-63,2.01773291523179E-78));
#2877=DIRECTION('ref_axis',(0.,-0.707106781186526,0.70710678118657));
#2878=DIRECTION('',(-1.,-4.62073922220263E-63,2.01773291523179E-78));
#2879=DIRECTION('center_axis',(0.707041456222738,-0.707172100115969,0.));
#2880=DIRECTION('ref_axis',(0.707172100115969,0.707041456222738,-2.85324168600671E-78));
#2881=DIRECTION('center_axis',(0.000184758364901604,0.999999982932173,-4.36668849671992E-16));
#2882=DIRECTION('ref_axis',(-0.707106769117757,0.000130643892658204,0.707106781186562));
#2883=DIRECTION('',(0.000184758364901604,0.999999982932173,-4.36668849671992E-16));
#2884=DIRECTION('center_axis',(-4.62073922220263E-63,1.,0.));
#2885=DIRECTION('ref_axis',(-1.,0.,1.99840141021691E-14));
#2886=DIRECTION('',(-0.000184758364901604,-0.999999982932173,4.36668849671992E-16));
#2887=DIRECTION('center_axis',(1.,4.62073922220263E-63,0.));
#2888=DIRECTION('ref_axis',(4.62073922220263E-63,-1.,0.));
#2889=DIRECTION('',(4.62073922220263E-63,-1.,0.));
#2890=DIRECTION('',(0.,0.,-1.));
#2891=DIRECTION('center_axis',(0.999999982932173,-0.000184758364901604,
1.09398928376457E-19));
#2892=DIRECTION('ref_axis',(0.000184758364901604,0.999999982932173,-4.19321613146125E-16));
#2893=DIRECTION('',(0.,5.9211894646675E-16,1.));
#2894=DIRECTION('',(-0.000184758364901604,-0.999999982932173,4.19321613146125E-16));
#2895=DIRECTION('',(-2.87207048207936E-20,4.3666885712498E-16,1.));
#2896=DIRECTION('center_axis',(0.000155385531933739,0.999999987927668,-4.3666884979119E-16));
#2897=DIRECTION('ref_axis',(-0.707106772650176,0.000109874163323035,0.707106781186492));
#2898=DIRECTION('',(0.000155385531933739,0.999999987927668,-4.3666884979119E-16));
#2899=DIRECTION('center_axis',(-0.707161716134282,-0.707051841970599,0.));
#2900=DIRECTION('ref_axis',(0.707051841970599,-0.707161716134282,6.17590993857186E-16));
#2901=DIRECTION('center_axis',(1.,4.62073922220263E-63,-2.017732905703E-78));
#2902=DIRECTION('ref_axis',(0.,0.707106781186551,0.707106781186544));
#2903=DIRECTION('',(1.,4.62073922220263E-63,-2.017732905703E-78));
#2904=DIRECTION('center_axis',(-0.707106781186573,0.707106781186522,0.));
#2905=DIRECTION('ref_axis',(-0.707106781186522,-0.707106781186573,2.85350524049176E-78));
#2906=DIRECTION('center_axis',(4.62073922220263E-63,-1.,4.36668855062801E-16));
#2907=DIRECTION('ref_axis',(0.707106781186526,0.,0.70710678118657));
#2908=DIRECTION('',(4.62073922220263E-63,-1.,4.36668855062801E-16));
#2909=DIRECTION('',(-4.62073922220263E-63,1.,-4.36668855062801E-16));
#2910=DIRECTION('center_axis',(1.,4.62073922220263E-63,0.));
#2911=DIRECTION('ref_axis',(4.62073922220263E-63,-1.,0.));
#2912=DIRECTION('',(4.62073922220263E-63,-1.,0.));
#2913=DIRECTION('center_axis',(-4.62073922220263E-63,1.,9.32341757731074E-141));
#2914=DIRECTION('ref_axis',(-0.707106781186526,0.,0.70710678118657));
#2915=DIRECTION('',(4.62073922220263E-63,-1.,-9.32341757731074E-141));
#2916=DIRECTION('center_axis',(-0.707106781186573,-0.707106781186522,0.));
#2917=DIRECTION('ref_axis',(0.707106781186522,-0.707106781186573,-1.31853035855001E-140));
#2918=DIRECTION('center_axis',(1.,4.62073922220263E-63,-2.017732905703E-78));
#2919=DIRECTION('ref_axis',(0.,0.707106781186551,0.707106781186544));
#2920=DIRECTION('center_axis',(-0.707046542729588,0.707167014512228,0.));
#2921=DIRECTION('ref_axis',(-0.707167014512228,-0.707046542729588,2.85326219166875E-78));
#2922=DIRECTION('',(-1.,-4.62073922220263E-63,2.017732905703E-78));
#2923=DIRECTION('center_axis',(0.000170372828236509,0.99999998548655,-3.4376686177049E-82));
#2924=DIRECTION('ref_axis',(0.707106770924036,-0.000120471782175959,0.7071067811865));
#2925=DIRECTION('',(0.000170372828236509,0.99999998548655,-3.4376686177049E-82));
#2926=DIRECTION('center_axis',(-1.,-4.62073922220263E-63,0.));
#2927=DIRECTION('ref_axis',(-4.62073922220263E-63,1.,0.));
#2928=DIRECTION('',(0.,0.,-1.));
#2929=DIRECTION('',(-4.62073922220263E-63,1.,0.));
#2930=DIRECTION('center_axis',(1.,4.62073922220263E-63,0.));
#2931=DIRECTION('ref_axis',(0.,1.,-4.19321608131426E-16));
#2932=DIRECTION('center_axis',(-4.62073922220263E-63,1.,0.));
#2933=DIRECTION('ref_axis',(1.,4.62073922220263E-63,-2.017732905703E-78));
#2934=DIRECTION('',(1.00880981026093E-19,4.66144705801548E-82,-1.));
#2935=DIRECTION('',(1.,4.62073922220263E-63,2.40741243048404E-35));
#2936=DIRECTION('',(-9.99333009695062E-20,-4.61765723393977E-82,1.));
#2937=DIRECTION('',(-1.,-4.62073922220263E-63,2.01773291523179E-78));
#2938=DIRECTION('',(0.,0.,-1.));
#2939=DIRECTION('',(1.,4.62073922220263E-63,-2.017732905703E-78));
#2940=DIRECTION('center_axis',(-0.99999998548655,0.000170372828236509,-1.00880979561962E-19));
#2941=DIRECTION('ref_axis',(-0.000170372828236509,-0.99999998548655,4.1932161421723E-16));
#2942=DIRECTION('',(0.,5.9211894646675E-16,1.));
#2943=DIRECTION('',(0.000170372828236509,0.99999998548655,-4.1932161421723E-16));
#2944=DIRECTION('center_axis',(-0.99999998548655,0.000170372828236509,-1.00880979561962E-19));
#2945=DIRECTION('ref_axis',(0.000170372828237023,0.99999998548655,-4.1932161421723E-16));
#2946=DIRECTION('center_axis',(0.0001687723389744,0.999999985757949,-4.3666885090592E-16));
#2947=DIRECTION('ref_axis',(-0.707106771115954,0.000119340065359921,0.70710678118649));
#2948=DIRECTION('',(-0.0001687723389744,-0.999999985757949,4.3666885090592E-16));
#2949=DIRECTION('center_axis',(-1.4210854715202E-15,-1.,0.));
#2950=DIRECTION('ref_axis',(-1.,1.42107548451083E-15,3.04499109087092E-9));
#2951=DIRECTION('',(0.0001687723389744,0.999999985757949,-4.3666885090592E-16));
#2952=DIRECTION('center_axis',(-0.707166448701758,-0.707047108636012,0.));
#2953=DIRECTION('ref_axis',(0.707047108636012,-0.707166448701758,6.17595129903494E-16));
#2954=DIRECTION('center_axis',(1.,4.62073922220263E-63,-2.01773291523179E-78));
#2955=DIRECTION('ref_axis',(0.,0.707106781186551,0.707106781186544));
#2956=DIRECTION('',(1.,4.62073922220263E-63,-2.01773291523179E-78));
#2957=DIRECTION('center_axis',(-0.707106781186573,0.707106781186522,0.));
#2958=DIRECTION('ref_axis',(-0.707106781186522,-0.707106781186573,2.8535052539675E-78));
#2959=DIRECTION('center_axis',(4.62073922220263E-63,-1.,4.3666885712498E-16));
#2960=DIRECTION('ref_axis',(0.707106781186526,0.,0.70710678118657));
#2961=DIRECTION('',(4.62073922220263E-63,-1.,4.3666885712498E-16));
#2962=DIRECTION('center_axis',(-1.4210854715202E-15,-1.,0.));
#2963=DIRECTION('ref_axis',(0.707106781186526,0.,0.70710678118657));
#2964=DIRECTION('',(-4.62073922220263E-63,1.,-4.3666885712498E-16));
#2965=DIRECTION('center_axis',(0.999999985757949,-0.0001687723389744,9.9933299546251E-20));
#2966=DIRECTION('ref_axis',(0.0001687723389744,0.999999985757949,-4.19321614331033E-16));
#2967=DIRECTION('',(2.62356755456398E-20,-4.3666885712498E-16,-1.));
#2968=DIRECTION('',(-0.0001687723389744,-0.999999985757949,4.19321614331033E-16));
#2969=DIRECTION('',(0.,5.9211894646675E-16,1.));
#2970=DIRECTION('center_axis',(1.,4.62073922220263E-63,0.));
#2971=DIRECTION('ref_axis',(4.62073922220263E-63,-1.,0.));
#2972=DIRECTION('',(0.,0.,-1.));
#2973=DIRECTION('',(4.62073922220263E-63,-1.,0.));
#2974=DIRECTION('center_axis',(0.,-4.36668855062801E-16,-1.));
#2975=DIRECTION('ref_axis',(0.,-1.,4.36668855062801E-16));
#2976=DIRECTION('center_axis',(0.,-4.36668855062801E-16,-1.));
#2977=DIRECTION('ref_axis',(0.,-1.,4.36668855062801E-16));
#2978=DIRECTION('center_axis',(0.,-4.3666885712498E-16,-1.));
#2979=DIRECTION('ref_axis',(-4.62073922220263E-63,-1.,4.3666885712498E-16));
#2980=DIRECTION('',(-1.,0.,0.));
#2981=DIRECTION('center_axis',(0.,-4.3666885712498E-16,-1.));
#2982=DIRECTION('ref_axis',(-4.62073922220263E-63,-1.,4.3666885712498E-16));
#2983=DIRECTION('',(-1.,0.,0.));
#2984=DIRECTION('center_axis',(0.999999994221299,-0.000107505355524126,
0.));
#2985=DIRECTION('ref_axis',(0.000107505355524126,0.999999994221299,-4.36669994507156E-16));
#2986=DIRECTION('',(0.,0.,1.));
#2987=DIRECTION('',(0.000107505355524126,0.999999994221299,-4.36669994507156E-16));
#2988=DIRECTION('',(0.,0.,1.));
#2989=DIRECTION('center_axis',(-1.75266490509963E-21,4.36669997218961E-16,
1.));
#2990=DIRECTION('ref_axis',(1.,7.6533417741861E-37,1.75266490509963E-21));
#2991=DIRECTION('',(-0.000107505355545658,-0.999999994221299,-9.42007414833467E-15));
#2992=DIRECTION('',(0.999999994221299,-0.000107505355555173,4.86970282068027E-20));
#2993=DIRECTION('',(-0.999999994221299,0.000107505355538649,-4.86970281990805E-20));
#2994=DIRECTION('center_axis',(-0.999999994221299,0.000107505355524126,
0.));
#2995=DIRECTION('ref_axis',(-0.000107505355524126,-0.999999994221299,4.36669994507155E-16));
#2996=DIRECTION('',(0.,0.,1.));
#2997=DIRECTION('',(-0.000107505355524126,-0.999999994221299,4.36669994507155E-16));
#2998=DIRECTION('',(0.,0.,1.));
#2999=DIRECTION('center_axis',(-1.75266490509963E-21,4.36669997218961E-16,
1.));
#3000=DIRECTION('ref_axis',(1.,7.6533417741861E-37,1.75266490509963E-21));
#3001=DIRECTION('',(-0.000107505355545658,-0.999999994221299,-9.42007414833467E-15));
#3002=DIRECTION('',(-0.999999994221299,0.000107505355538649,-4.86970281990805E-20));
#3003=DIRECTION('',(0.999999994221299,-0.000107505355555173,4.86970282068027E-20));
#3004=DIRECTION('center_axis',(0.866025398779946,-9.3102368940709E-5,-0.499999999999984));
#3005=DIRECTION('ref_axis',(0.499999997110633,-5.37526777682571E-5,0.866025403784448));
#3006=DIRECTION('',(0.499999997110633,-5.37526777682571E-5,0.866025403784448));
#3007=DIRECTION('',(-0.000107505355545658,-0.999999994221299,-9.42007414833467E-15));
#3008=DIRECTION('',(0.499999997110633,-5.37526777682571E-5,0.866025403784448));
#3009=DIRECTION('center_axis',(3.51638038498483E-14,9.41629390551339E-15,
-1.));
#3010=DIRECTION('ref_axis',(0.999999994221299,-0.000107505355518812,3.51627913446232E-14));
#3011=DIRECTION('',(0.999999994221299,-0.000107505355518812,3.51627913446232E-14));
#3012=DIRECTION('',(-0.000107505355545658,-0.999999994221299,-9.42007414833467E-15));
#3013=DIRECTION('',(0.999999994221299,-0.000107505355518812,3.51627913446232E-14));
#3014=DIRECTION('center_axis',(-0.866025398779946,9.31023689501291E-5,-0.499999999999984));
#3015=DIRECTION('ref_axis',(0.499999997110633,-5.37526777690134E-5,-0.866025403784448));
#3016=DIRECTION('',(0.499999997110633,-5.37526777690134E-5,-0.866025403784448));
#3017=DIRECTION('',(0.499999997110633,-5.37526777690134E-5,-0.866025403784448));
#3018=DIRECTION('center_axis',(0.000107505355554546,0.999999994221299,9.53521416827244E-15));
#3019=DIRECTION('ref_axis',(-0.999999994221299,0.000107505355554546,-4.50793198855239E-20));
#3020=DIRECTION('center_axis',(-0.000107505355554546,-0.999999994221299,
-9.53521416827244E-15));
#3021=DIRECTION('ref_axis',(-0.999999994221299,0.000107505355527871,-4.50793198692908E-20));
#3022=DIRECTION('center_axis',(0.000107505355554546,0.999999994221299,9.53521416827244E-15));
#3023=DIRECTION('ref_axis',(-0.999999994221299,0.000107505355554546,-4.50793198855239E-20));
#3024=DIRECTION('center_axis',(0.000107505355554546,0.999999994221299,9.53521416827244E-15));
#3025=DIRECTION('ref_axis',(-0.999999994221299,0.000107505355527871,-4.50793198692908E-20));
#3026=DIRECTION('center_axis',(0.000107505355527871,0.999999994221299,-6.43607550507337E-16));
#3027=DIRECTION('ref_axis',(-0.999999994221299,0.000107505355527871,-4.50793198692908E-20));
#3028=DIRECTION('center_axis',(-4.62073922220263E-63,1.,0.));
#3029=DIRECTION('ref_axis',(-1.,0.,2.41119389289225E-20));
#3030=DIRECTION('',(0.000107505355527871,0.999999994221299,-6.43607550507337E-16));
#3031=DIRECTION('center_axis',(0.000107505355527871,0.999999994221299,-6.43607550507337E-16));
#3032=DIRECTION('ref_axis',(-0.999999994221299,0.000107505355527871,-4.50793198692908E-20));
#3033=DIRECTION('',(0.000107505355527871,0.999999994221299,-6.43607550507337E-16));
#3034=DIRECTION('center_axis',(-0.000107505355536386,-0.999999994221299,
5.92118943045072E-16));
#3035=DIRECTION('ref_axis',(-0.999999994221299,0.000107505355527871,-4.50793198692908E-20));
#3036=DIRECTION('center_axis',(-0.00017037282833555,-0.99999998548655,0.));
#3037=DIRECTION('ref_axis',(0.99999998548655,-0.00017037282833555,-1.05480297936681E-17));
#3038=DIRECTION('',(0.,0.,1.));
#3039=DIRECTION('',(0.99999998548655,-0.00017037282833555,-1.05480297936681E-17));
#3040=DIRECTION('',(0.,0.,1.));
#3041=DIRECTION('center_axis',(1.06252039382027E-17,4.52971234260386E-16,
1.));
#3042=DIRECTION('ref_axis',(1.,-4.63969563850373E-33,-1.06252039382027E-17));
#3043=DIRECTION('',(-0.99999998548655,0.00017037282833017,-1.07657990266681E-13));
#3044=DIRECTION('',(-0.000170372828205113,-0.99999998548655,4.52973037932264E-16));
#3045=DIRECTION('',(0.000170372828205113,0.99999998548655,-4.52973037932262E-16));
#3046=DIRECTION('center_axis',(0.000170372828335557,0.99999998548655,0.));
#3047=DIRECTION('ref_axis',(-0.99999998548655,0.000170372828335557,1.05480297936587E-17));
#3048=DIRECTION('',(0.,0.,1.));
#3049=DIRECTION('',(-0.99999998548655,0.000170372828335557,1.05480297936587E-17));
#3050=DIRECTION('',(0.,0.,1.));
#3051=DIRECTION('center_axis',(1.06252039382027E-17,4.52971234260386E-16,
1.));
#3052=DIRECTION('ref_axis',(1.,-4.63969563850373E-33,-1.06252039382027E-17));
#3053=DIRECTION('',(-0.99999998548655,0.00017037282833017,-1.07657990266681E-13));
#3054=DIRECTION('',(0.000170372828205113,0.99999998548655,-4.52973037932262E-16));
#3055=DIRECTION('',(-0.000170372828205113,-0.99999998548655,4.52973037932264E-16));
#3056=DIRECTION('center_axis',(0.000147547197502358,0.866025391215399,-0.500000000000039));
#3057=DIRECTION('ref_axis',(-8.51864141419976E-5,-0.499999992743314,-0.866025403784416));
#3058=DIRECTION('',(-8.51864141419976E-5,-0.499999992743314,-0.866025403784416));
#3059=DIRECTION('',(-8.51864141419976E-5,-0.499999992743314,-0.866025403784416));
#3060=DIRECTION('',(-0.99999998548655,0.00017037282833017,-1.07657990266681E-13));
#3061=DIRECTION('center_axis',(-0.000147547197394711,-0.866025391215463,
-0.49999999999993));
#3062=DIRECTION('ref_axis',(-8.51864141182425E-5,-0.499999992743204,0.866025403784479));
#3063=DIRECTION('',(-8.51864141182425E-5,-0.499999992743204,0.866025403784479));
#3064=DIRECTION('',(-0.99999998548655,0.00017037282833017,-1.07657990266681E-13));
#3065=DIRECTION('',(-8.51864141182425E-5,-0.499999992743204,0.866025403784479));
#3066=DIRECTION('center_axis',(1.07657917263183E-13,-4.37663604420532E-16,
-1.));
#3067=DIRECTION('ref_axis',(-0.000170372828283997,-0.99999998548655,4.1932161421723E-16));
#3068=DIRECTION('',(-0.000170372828283997,-0.99999998548655,4.1932161421723E-16));
#3069=DIRECTION('',(-0.000170372828283997,-0.99999998548655,4.1932161421723E-16));
#3070=DIRECTION('center_axis',(0.99999998548655,-0.00017037282833058,1.08101339036978E-13));
#3071=DIRECTION('ref_axis',(0.00017037282833058,0.99999998548655,-4.1932161421723E-16));
#3072=DIRECTION('center_axis',(-0.99999998548655,0.00017037282833058,-1.08101339036978E-13));
#3073=DIRECTION('ref_axis',(0.000170372828237023,0.99999998548655,-4.1932161421723E-16));
#3074=DIRECTION('center_axis',(-0.99999998548655,0.00017037282833017,-1.07657990266681E-13));
#3075=DIRECTION('ref_axis',(-1.0765799182917E-13,0.,1.));
#3076=DIRECTION('center_axis',(0.99999998548655,-0.00017037282833017,1.07657990266681E-13));
#3077=DIRECTION('ref_axis',(0.000170372828237023,0.99999998548655,-4.1932161421723E-16));
#3078=DIRECTION('center_axis',(0.99999998548655,-0.000170372828237023,0.));
#3079=DIRECTION('ref_axis',(0.000170372828237023,0.99999998548655,-4.1932161421723E-16));
#3080=DIRECTION('',(0.99999998548655,-0.000170372828237023,0.));
#3081=DIRECTION('center_axis',(0.99999998548655,-0.000170372828237023,0.));
#3082=DIRECTION('ref_axis',(0.000170372828237023,0.99999998548655,-4.1932161421723E-16));
#3083=DIRECTION('',(0.99999998548655,-0.000170372828237023,0.));
#3084=DIRECTION('center_axis',(0.,0.,-1.));
#3085=DIRECTION('ref_axis',(0.707106781186545,-0.70710678118655,0.));
#3086=DIRECTION('center_axis',(2.017732905703E-78,0.,1.));
#3087=DIRECTION('ref_axis',(0.707106781186545,-0.70710678118655,0.));
#3088=DIRECTION('',(0.,0.,1.));
#3089=DIRECTION('',(0.,0.,-1.));
#3090=DIRECTION('center_axis',(1.,4.62073922220263E-63,0.));
#3091=DIRECTION('ref_axis',(4.62073922220263E-63,-1.,0.));
#3092=DIRECTION('',(4.62073922220263E-63,-1.,0.));
#3093=DIRECTION('',(0.,0.,-1.));
#3094=DIRECTION('center_axis',(0.,0.,-1.));
#3095=DIRECTION('ref_axis',(0.707106781186539,0.707106781186556,0.));
#3096=DIRECTION('center_axis',(2.017732905703E-78,0.,1.));
#3097=DIRECTION('ref_axis',(0.707106781186539,0.707106781186556,0.));
#3098=DIRECTION('',(0.,0.,1.));
#3099=DIRECTION('center_axis',(0.,0.,-1.));
#3100=DIRECTION('ref_axis',(-0.707106781186543,-0.707106781186552,0.));
#3101=DIRECTION('center_axis',(2.017732905703E-78,0.,1.));
#3102=DIRECTION('ref_axis',(-0.707106781186543,-0.707106781186552,0.));
#3103=DIRECTION('',(0.,0.,1.));
#3104=DIRECTION('',(0.,0.,-1.));
#3105=DIRECTION('center_axis',(-1.,-4.62073922220263E-63,0.));
#3106=DIRECTION('ref_axis',(-4.62073922220263E-63,1.,0.));
#3107=DIRECTION('',(0.,0.,1.));
#3108=DIRECTION('',(-4.62073922220263E-63,1.,0.));
#3109=DIRECTION('center_axis',(0.,0.,-1.));
#3110=DIRECTION('ref_axis',(-0.707106781186539,0.707106781186556,0.));
#3111=DIRECTION('center_axis',(2.017732905703E-78,0.,1.));
#3112=DIRECTION('ref_axis',(-0.707106781186539,0.707106781186556,0.));
#3113=DIRECTION('',(0.,0.,-1.));
#3114=DIRECTION('center_axis',(0.000113059966538875,0.999999993608722,-5.92118942682353E-16));
#3115=DIRECTION('ref_axis',(-0.999999993608722,0.000113059966538875,-4.74084883604877E-20));
#3116=DIRECTION('',(0.999999993608722,-0.000113059966538875,4.74084883604877E-20));
#3117=DIRECTION('center_axis',(2.40741243048404E-35,-4.19321620303033E-16,
-1.));
#3118=DIRECTION('ref_axis',(1.,1.05124202968389E-50,2.40741243048404E-35));
#3119=DIRECTION('',(-0.999999994221299,0.000107505355536386,-4.50793198747709E-20));
#3120=DIRECTION('center_axis',(2.40741243048404E-35,-4.19321620303033E-16,
-1.));
#3121=DIRECTION('ref_axis',(1.,1.05124202968389E-50,2.40741243048404E-35));
#3122=DIRECTION('center_axis',(2.40741243048404E-35,-4.19321620303033E-16,
-1.));
#3123=DIRECTION('ref_axis',(1.,1.05124202968389E-50,2.40741243048404E-35));
#3124=DIRECTION('center_axis',(-0.000107505355536386,-0.999999994221299,
5.92118943045072E-16));
#3125=DIRECTION('ref_axis',(0.999999994221299,-0.000107505355536386,4.50793198747709E-20));
#3126=DIRECTION('center_axis',(2.40741243048404E-35,-4.19321620303033E-16,
-1.));
#3127=DIRECTION('ref_axis',(1.,1.05124202968389E-50,2.40741243048404E-35));
#3128=DIRECTION('center_axis',(4.62073922220263E-63,-1.,0.));
#3129=DIRECTION('ref_axis',(-1.,-4.62073922220263E-63,2.017732905703E-78));
#3130=DIRECTION('',(-1.,-4.62073922220263E-63,2.017732905703E-78));
#3131=DIRECTION('',(0.,0.,-1.));
#3132=DIRECTION('center_axis',(-1.,-4.62073922220263E-63,0.));
#3133=DIRECTION('ref_axis',(-4.62073922220263E-63,1.,0.));
#3134=DIRECTION('',(-4.62073922220263E-63,1.,0.));
#3135=DIRECTION('',(0.,0.,-1.));
#3136=DIRECTION('center_axis',(1.4210854715202E-15,1.,0.));
#3137=DIRECTION('ref_axis',(1.,-1.4210854715202E-15,0.));
#3138=DIRECTION('',(1.,-1.4210854715202E-15,0.));
#3139=DIRECTION('center_axis',(0.,0.,-1.));
#3140=DIRECTION('ref_axis',(1.,4.62073922220263E-63,0.));
#3141=DIRECTION('center_axis',(2.017732905703E-78,4.93038065763132E-32,
1.));
#3142=DIRECTION('ref_axis',(1.,4.62073922220263E-63,-2.017732905703E-78));
#3143=DIRECTION('',(0.,0.,1.));
#3144=DIRECTION('center_axis',(0.,0.,-1.));
#3145=DIRECTION('ref_axis',(1.,4.62073922220263E-63,0.));
#3146=DIRECTION('center_axis',(2.017732905703E-78,4.93038065763132E-32,
1.));
#3147=DIRECTION('ref_axis',(1.,4.62073922220263E-63,-2.017732905703E-78));
#3148=DIRECTION('',(0.,0.,1.));
#3149=DIRECTION('center_axis',(4.62073922220263E-63,-1.,0.));
#3150=DIRECTION('ref_axis',(-1.,-4.62073922220263E-63,2.017732905703E-78));
#3151=DIRECTION('',(0.,0.,-1.));
#3152=DIRECTION('',(-1.,-4.62073922220263E-63,2.017732905703E-78));
#3153=DIRECTION('',(0.,0.,-1.));
#3154=DIRECTION('center_axis',(0.,0.,-1.));
#3155=DIRECTION('ref_axis',(1.,4.62073922220263E-63,0.));
#3156=DIRECTION('center_axis',(2.017732905703E-78,0.,1.));
#3157=DIRECTION('ref_axis',(1.,4.62073922220263E-63,-2.017732905703E-78));
#3158=DIRECTION('',(0.,0.,-1.));
#3159=DIRECTION('center_axis',(-4.62073922220263E-63,1.,0.));
#3160=DIRECTION('ref_axis',(1.,4.62073922220263E-63,-2.017732905703E-78));
#3161=DIRECTION('',(1.,4.62073922220263E-63,-2.017732905703E-78));
#3162=DIRECTION('',(0.,0.,-1.));
#3163=DIRECTION('center_axis',(0.,0.,-1.));
#3164=DIRECTION('ref_axis',(-1.,-1.92183007034674E-14,0.));
#3165=DIRECTION('center_axis',(2.017732905703E-78,0.,1.));
#3166=DIRECTION('ref_axis',(1.,4.62073922220263E-63,-2.017732905703E-78));
#3167=DIRECTION('center_axis',(0.,0.,-1.));
#3168=DIRECTION('ref_axis',(1.,4.62073922220263E-63,0.));
#3169=DIRECTION('center_axis',(2.017732905703E-78,4.93038065763132E-32,
1.));
#3170=DIRECTION('ref_axis',(1.,4.62073922220263E-63,-2.017732905703E-78));
#3171=DIRECTION('',(0.,0.,1.));
#3172=DIRECTION('center_axis',(0.,0.,-1.));
#3173=DIRECTION('ref_axis',(1.,4.62073922220263E-63,0.));
#3174=DIRECTION('center_axis',(2.017732905703E-78,4.93038065763132E-32,
1.));
#3175=DIRECTION('ref_axis',(1.,4.62073922220263E-63,-2.017732905703E-78));
#3176=DIRECTION('',(0.,0.,1.));
#3177=DIRECTION('center_axis',(0.,0.,-1.));
#3178=DIRECTION('ref_axis',(1.,4.62073922220263E-63,0.));
#3179=DIRECTION('center_axis',(2.017732905703E-78,4.93038065763132E-32,
1.));
#3180=DIRECTION('ref_axis',(1.,4.62073922220263E-63,-2.017732905703E-78));
#3181=DIRECTION('',(0.,0.,1.));
#3182=DIRECTION('center_axis',(0.,0.,-1.));
#3183=DIRECTION('ref_axis',(1.,4.62073922220263E-63,0.));
#3184=DIRECTION('center_axis',(2.017732905703E-78,4.93038065763132E-32,
1.));
#3185=DIRECTION('ref_axis',(1.,4.62073922220263E-63,-2.017732905703E-78));
#3186=DIRECTION('',(0.,0.,1.));
#3187=DIRECTION('center_axis',(0.,0.,-1.));
#3188=DIRECTION('ref_axis',(1.,4.62073922220263E-63,0.));
#3189=DIRECTION('center_axis',(2.017732905703E-78,4.93038065763132E-32,
1.));
#3190=DIRECTION('ref_axis',(1.,4.62073922220263E-63,-2.017732905703E-78));
#3191=DIRECTION('',(0.,0.,1.));
#3192=DIRECTION('center_axis',(0.,0.,-1.));
#3193=DIRECTION('ref_axis',(1.,4.62073922220263E-63,0.));
#3194=DIRECTION('center_axis',(2.017732905703E-78,4.93038065763132E-32,
1.));
#3195=DIRECTION('ref_axis',(1.,4.62073922220263E-63,-2.017732905703E-78));
#3196=DIRECTION('',(0.,0.,1.));
#3197=DIRECTION('center_axis',(0.,0.,-1.));
#3198=DIRECTION('ref_axis',(1.,4.62073922220263E-63,0.));
#3199=DIRECTION('center_axis',(2.017732905703E-78,4.93038065763132E-32,
1.));
#3200=DIRECTION('ref_axis',(1.,4.62073922220263E-63,-2.017732905703E-78));
#3201=DIRECTION('',(0.,0.,1.));
#3202=DIRECTION('center_axis',(0.,0.,-1.));
#3203=DIRECTION('ref_axis',(1.,4.62073922220263E-63,0.));
#3204=DIRECTION('center_axis',(2.017732905703E-78,4.93038065763132E-32,
1.));
#3205=DIRECTION('ref_axis',(1.,4.62073922220263E-63,-2.017732905703E-78));
#3206=DIRECTION('',(0.,0.,1.));
#3207=DIRECTION('center_axis',(0.,0.,-1.));
#3208=DIRECTION('ref_axis',(-1.,-9.44833808676605E-15,0.));
#3209=DIRECTION('',(0.,0.,-1.));
#3210=DIRECTION('center_axis',(2.017732905703E-78,0.,1.));
#3211=DIRECTION('ref_axis',(1.,4.62073922220263E-63,-2.017732905703E-78));
#3212=DIRECTION('',(0.,0.,-1.));
#3213=DIRECTION('center_axis',(4.62073922220263E-63,-1.,0.));
#3214=DIRECTION('ref_axis',(-1.,-4.62073922220263E-63,2.017732905703E-78));
#3215=DIRECTION('',(-1.,-4.62073922220263E-63,2.017732905703E-78));
#3216=DIRECTION('',(0.,0.,-1.));
#3217=DIRECTION('center_axis',(0.,0.,-1.));
#3218=DIRECTION('ref_axis',(1.,4.62073922220263E-63,0.));
#3219=DIRECTION('center_axis',(2.017732905703E-78,0.,1.));
#3220=DIRECTION('ref_axis',(1.,4.62073922220263E-63,-2.017732905703E-78));
#3221=DIRECTION('',(0.,0.,-1.));
#3222=DIRECTION('center_axis',(-4.62073922220263E-63,1.,0.));
#3223=DIRECTION('ref_axis',(1.,4.62073922220263E-63,-2.017732905703E-78));
#3224=DIRECTION('',(1.,4.62073922220263E-63,-2.017732905703E-78));
#3225=DIRECTION('center_axis',(0.,0.,-1.));
#3226=DIRECTION('ref_axis',(1.,4.62073922220263E-63,0.));
#3227=DIRECTION('center_axis',(2.017732905703E-78,4.93038065763132E-32,
1.));
#3228=DIRECTION('ref_axis',(1.,4.62073922220263E-63,-2.017732905703E-78));
#3229=DIRECTION('',(0.,0.,1.));
#3230=DIRECTION('center_axis',(0.,0.,-1.));
#3231=DIRECTION('ref_axis',(1.,4.62073922220263E-63,0.));
#3232=DIRECTION('center_axis',(2.017732905703E-78,4.93038065763132E-32,
1.));
#3233=DIRECTION('ref_axis',(1.,4.62073922220263E-63,-2.017732905703E-78));
#3234=DIRECTION('',(0.,0.,1.));
#3235=DIRECTION('center_axis',(-8.39885030449291E-17,1.,0.));
#3236=DIRECTION('ref_axis',(1.,8.39885030449291E-17,0.));
#3237=DIRECTION('',(1.,8.39885030449291E-17,0.));
#3238=DIRECTION('center_axis',(4.62073922220263E-63,-1.,0.));
#3239=DIRECTION('ref_axis',(-1.,-4.62073922220263E-63,2.017732905703E-78));
#3240=DIRECTION('',(-1.,-4.62073922220263E-63,2.017732905703E-78));
#3241=DIRECTION('center_axis',(-2.017732905703E-78,0.,-1.));
#3242=DIRECTION('ref_axis',(1.,4.62073922220263E-63,-2.017732905703E-78));
#3243=CARTESIAN_POINT('',(0.,0.,0.));
#3244=CARTESIAN_POINT('Origin',(80.2463203435597,120.01932034356,9.5));
#3245=CARTESIAN_POINT('',(16.2064460120777,119.51932034356,9.5));
#3246=CARTESIAN_POINT('',(55.6213203435598,119.51932034356,9.5));
#3247=CARTESIAN_POINT('',(80.2463203435597,119.51932034356,9.5));
#3248=CARTESIAN_POINT('',(56.1213203435597,120.01932034356,10.));
#3249=CARTESIAN_POINT('Origin',(56.1213203435597,120.01932034356,9.5));
#3250=CARTESIAN_POINT('',(16.7065305907455,120.01932034356,10.));
#3251=CARTESIAN_POINT('',(80.2463203435597,120.01932034356,10.));
#3252=CARTESIAN_POINT('Origin',(16.7065305907455,120.01932034356,9.5));
#3253=CARTESIAN_POINT('Origin',(62.7463203435597,110.01932034356,9.5));
#3254=CARTESIAN_POINT('',(4.22456862839326,110.01932034356,10.));
#3255=CARTESIAN_POINT('',(3.62132034355973,110.01932034356,10.));
#3256=CARTESIAN_POINT('',(62.7463203435597,110.01932034356,10.));
#3257=CARTESIAN_POINT('',(4.1213203435597,109.51932034356,9.5));
#3258=CARTESIAN_POINT('Origin',(3.62132034355973,110.01932034356,9.5));
#3259=CARTESIAN_POINT('',(4.7245686283933,109.51932034356,9.5));
#3260=CARTESIAN_POINT('',(62.7463203435597,109.51932034356,9.5));
#3261=CARTESIAN_POINT('Origin',(4.22456862839326,110.01932034356,9.5));
#3262=CARTESIAN_POINT('Origin',(54.4963203435597,19.0193203435598,9.5));
#3263=CARTESIAN_POINT('',(3.62132034355973,19.0193203435598,10.));
#3264=CARTESIAN_POINT('',(4.22456862839283,19.0193203435598,10.));
#3265=CARTESIAN_POINT('',(54.4963203435597,19.0193203435598,10.));
#3266=CARTESIAN_POINT('',(4.72456862839273,19.5193203435598,9.5));
#3267=CARTESIAN_POINT('Origin',(4.22456862839283,19.0193203435598,9.5));
#3268=CARTESIAN_POINT('',(4.1213203435597,19.5193203435598,9.5));
#3269=CARTESIAN_POINT('',(54.4963203435597,19.5193203435598,9.5));
#3270=CARTESIAN_POINT('Origin',(3.62132034355973,19.0193203435598,9.5));
#3271=CARTESIAN_POINT('Origin',(16.6998696943301,36.9744859271417,9.5));
#3272=CARTESIAN_POINT('',(16.6955098072865,8.9159727776749,10.));
#3273=CARTESIAN_POINT('',(16.6955258660032,9.01932034355989,10.));
#3274=CARTESIAN_POINT('',(16.6998696943301,36.9744859271417,10.));
#3275=CARTESIAN_POINT('',(16.1956035527339,9.51932034355985,9.5));
#3276=CARTESIAN_POINT('Origin',(16.6955258660032,9.01932034355989,9.5));
#3277=CARTESIAN_POINT('',(16.1955875028001,9.41602930095514,9.5));
#3278=CARTESIAN_POINT('',(16.1998697003663,36.9745636199077,9.5));
#3279=CARTESIAN_POINT('Origin',(16.6955098072865,8.9159727776749,9.5));
#3280=CARTESIAN_POINT('Origin',(62.7463203435597,9.01932034355989,9.5));
#3281=CARTESIAN_POINT('',(50.1213203435598,9.01932034355989,10.));
#3282=CARTESIAN_POINT('',(62.7463203435597,9.01932034355989,10.));
#3283=CARTESIAN_POINT('',(49.6213203435598,9.51932034355988,9.5));
#3284=CARTESIAN_POINT('Origin',(50.1213203435598,9.01932034355989,9.5));
#3285=CARTESIAN_POINT('',(62.7463203435597,9.51932034355988,9.5));
#3286=CARTESIAN_POINT('Origin',(54.7947724637087,8.91166536123447,9.5));
#3287=CARTESIAN_POINT('',(4.22456862839276,8.91738271407042,10.));
#3288=CARTESIAN_POINT('',(54.7947724637087,8.91166536123447,10.));
#3289=CARTESIAN_POINT('',(4.72456862839273,9.41732618839713,9.5));
#3290=CARTESIAN_POINT('',(54.7948289925771,9.41166535803896,9.5));
#3291=CARTESIAN_POINT('Origin',(4.22456862839276,8.91738271407042,9.5));
#3292=CARTESIAN_POINT('Origin',(4.22456862839319,92.0703174211415,9.5));
#3293=CARTESIAN_POINT('',(4.22456862839319,92.0703174211415,10.));
#3294=CARTESIAN_POINT('',(4.72456862839316,92.0703174211415,9.5));
#3295=CARTESIAN_POINT('Origin',(3.62132034355973,87.0193203435599,9.5));
#3296=CARTESIAN_POINT('',(3.62132034355973,87.0193203435599,10.));
#3297=CARTESIAN_POINT('',(4.1213203435597,87.0193203435599,9.5));
#3298=CARTESIAN_POINT('Origin',(4.22456862839319,92.0703174211415,9.5));
#3299=CARTESIAN_POINT('',(4.22456862839333,120.121373751523,10.));
#3300=CARTESIAN_POINT('',(4.22456862839319,92.0703174211415,10.));
#3301=CARTESIAN_POINT('',(4.7245686283933,119.621314498723,9.5));
#3302=CARTESIAN_POINT('',(4.72456862839316,92.0703174211415,9.5));
#3303=CARTESIAN_POINT('Origin',(4.22456862839333,120.121373751523,9.5));
#3304=CARTESIAN_POINT('Origin',(60.5422149886773,120.114700190448,9.5));
#3305=CARTESIAN_POINT('',(16.7065476021893,120.119894654749,10.));
#3306=CARTESIAN_POINT('',(60.5422149886773,120.114700190448,10.));
#3307=CARTESIAN_POINT('',(16.2064630335443,119.61995391055,9.5));
#3308=CARTESIAN_POINT('',(60.5421557393881,119.614700193958,9.5));
#3309=CARTESIAN_POINT('Origin',(16.7065476021893,120.119894654749,9.5));
#3310=CARTESIAN_POINT('Origin',(16.7002820635108,83.0770519936122,9.5));
#3311=CARTESIAN_POINT('',(16.7002820635108,83.0770519936122,10.));
#3312=CARTESIAN_POINT('',(16.2002820706631,83.0771365651264,9.5));
#3313=CARTESIAN_POINT('Origin',(55.6213203435598,119.51932034356,10.));
#3314=CARTESIAN_POINT('',(16.2064460120777,119.51932034356,6.50000000000002));
#3315=CARTESIAN_POINT('',(16.2064460120777,119.51932034356,6.13400000000002));
#3316=CARTESIAN_POINT('',(16.70644601923,119.51932034356,7.00000000000003));
#3317=CARTESIAN_POINT('Origin',(16.70644601923,119.51932034356,6.50000000000002));
#3318=CARTESIAN_POINT('',(20.1213203435598,119.51932034356,7.00000000000003));
#3319=CARTESIAN_POINT('',(20.6213203435598,119.51932034356,7.00000000000003));
#3320=CARTESIAN_POINT('',(20.6213203435598,119.51932034356,6.50000000000002));
#3321=CARTESIAN_POINT('Origin',(20.1213203435598,119.51932034356,6.50000000000002));
#3322=CARTESIAN_POINT('',(20.6213203435598,119.51932034356,0.));
#3323=CARTESIAN_POINT('',(20.6213203435598,119.51932034356,10.));
#3324=CARTESIAN_POINT('',(55.6213203435598,119.51932034356,0.));
#3325=CARTESIAN_POINT('',(20.6213203435598,119.51932034356,0.));
#3326=CARTESIAN_POINT('',(55.6213203435598,119.51932034356,10.));
#3327=CARTESIAN_POINT('Origin',(16.2034184590328,101.619954168034,2.26800000000005));
#3328=CARTESIAN_POINT('',(16.2064630335443,119.61995391055,2.26800000000004));
#3329=CARTESIAN_POINT('',(16.2064630335443,119.61995391055,2.26800000000004));
#3330=CARTESIAN_POINT('',(16.2047545817694,109.51932034356,2.26800000000005));
#3331=CARTESIAN_POINT('',(16.2064630335443,119.61995391055,2.26800000000004));
#3332=CARTESIAN_POINT('',(16.2047545817694,109.51932034356,6.50000000000003));
#3333=CARTESIAN_POINT('',(16.2047545817694,109.51932034356,6.13400000000003));
#3334=CARTESIAN_POINT('',(16.2049322987086,110.570010628399,6.50000000000003));
#3335=CARTESIAN_POINT('Origin',(16.2064630335443,119.61995391055,2.26800000000004));
#3336=CARTESIAN_POINT('',(4.7245686283933,119.621314498723,2.26800000000004));
#3337=CARTESIAN_POINT('',(4.7245686283933,119.621314498723,2.26800000000004));
#3338=CARTESIAN_POINT('',(4.7245686283933,119.621314498723,2.26800000000004));
#3339=CARTESIAN_POINT('Origin',(4.7245686283933,119.621314498723,2.26800000000007));
#3340=CARTESIAN_POINT('',(4.72456862839323,109.51932034356,2.26800000000007));
#3341=CARTESIAN_POINT('',(4.7245686283933,109.51932034356,6.13400000000003));
#3342=CARTESIAN_POINT('',(4.72456862839273,9.41732618839713,2.26800000000011));
#3343=CARTESIAN_POINT('Origin',(20.6213203435598,109.51932034356,10.));
#3344=CARTESIAN_POINT('',(4.1213203435597,109.51932034356,0.));
#3345=CARTESIAN_POINT('',(4.1213203435597,109.51932034356,10.));
#3346=CARTESIAN_POINT('',(20.6213203435598,109.51932034356,0.));
#3347=CARTESIAN_POINT('',(4.1213203435597,109.51932034356,0.));
#3348=CARTESIAN_POINT('',(20.6213203435598,109.51932034356,6.50000000000003));
#3349=CARTESIAN_POINT('',(20.6213203435598,109.51932034356,10.));
#3350=CARTESIAN_POINT('',(20.6213203435598,109.51932034356,6.50000000000003));
#3351=CARTESIAN_POINT('',(30.5479444703423,109.51932034356,2.26800000000003));
#3352=CARTESIAN_POINT('Origin',(4.1213203435597,109.51932034356,10.));
#3353=CARTESIAN_POINT('',(4.1213203435597,19.5193203435598,0.));
#3354=CARTESIAN_POINT('',(4.1213203435597,19.5193203435598,10.));
#3355=CARTESIAN_POINT('',(4.1213203435597,19.5193203435598,0.));
#3356=CARTESIAN_POINT('Origin',(4.1213203435597,19.5193203435598,10.));
#3357=CARTESIAN_POINT('',(4.7245686283928,19.5193203435598,2.26800000000011));
#3358=CARTESIAN_POINT('',(4.72456862839273,19.5193203435598,6.13400000000003));
#3359=CARTESIAN_POINT('',(16.197157408072,19.5193203435598,2.26800000000012));
#3360=CARTESIAN_POINT('',(22.2979444703423,19.5193203435598,2.26800000000006));
#3361=CARTESIAN_POINT('',(16.1971574080721,19.5193203435598,6.5000000000001));
#3362=CARTESIAN_POINT('',(16.1971574080721,19.5193203435598,6.13400000000006));
#3363=CARTESIAN_POINT('',(20.6213203435598,19.5193203435598,6.5000000000001));
#3364=CARTESIAN_POINT('',(12.3713203435597,19.5193203435598,6.5000000000001));
#3365=CARTESIAN_POINT('',(20.6213203435598,19.5193203435598,0.));
#3366=CARTESIAN_POINT('',(20.6213203435598,19.5193203435598,10.));
#3367=CARTESIAN_POINT('',(100.62132034356,19.5193203435598,0.));
#3368=CARTESIAN_POINT('Origin',(4.7245686283933,119.621314498723,2.26800000000007));
#3369=CARTESIAN_POINT('',(4.72456862839273,9.41732618839713,2.26800000000011));
#3370=CARTESIAN_POINT('',(4.72456862839273,9.41732618839713,2.26800000000011));
#3371=CARTESIAN_POINT('',(4.72456862839273,9.41732618839713,2.26800000000011));
#3372=CARTESIAN_POINT('Origin',(4.72456862839273,9.41732618839713,2.26800000000011));
#3373=CARTESIAN_POINT('',(16.1955875028001,9.41602930095514,2.26800000000011));
#3374=CARTESIAN_POINT('',(16.1955875028001,9.41602930095514,2.26800000000011));
#3375=CARTESIAN_POINT('',(16.1955875028001,9.41602930095514,2.26800000000011));
#3376=CARTESIAN_POINT('Origin',(16.1955875028001,9.41602930095514,2.26800000000012));
#3377=CARTESIAN_POINT('',(16.1956035527339,9.51932034355988,6.5000000000001));
#3378=CARTESIAN_POINT('',(16.1956035527339,9.51932034355985,4.63400000000011));
#3379=CARTESIAN_POINT('',(16.196372508846,14.4680185477089,6.5000000000001));
#3380=CARTESIAN_POINT('',(16.1983844423749,27.4160290836532,2.26800000000011));
#3381=CARTESIAN_POINT('Origin',(20.6213203435598,9.51932034355988,10.));
#3382=CARTESIAN_POINT('',(49.6213203435598,9.51932034355988,0.));
#3383=CARTESIAN_POINT('',(49.6213203435598,9.51932034355988,10.));
#3384=CARTESIAN_POINT('',(20.6213203435598,9.51932034355988,0.));
#3385=CARTESIAN_POINT('',(20.6213203435598,9.51932034355988,0.));
#3386=CARTESIAN_POINT('',(20.6213203435598,9.51932034355988,6.5000000000001));
#3387=CARTESIAN_POINT('',(20.6213203435598,9.51932034355988,10.));
#3388=CARTESIAN_POINT('',(20.1213203435598,9.51932034355985,7.0000000000001));
#3389=CARTESIAN_POINT('Origin',(20.1213203435598,9.51932034355988,6.5000000000001));
#3390=CARTESIAN_POINT('',(16.6956035587702,9.51932034355985,7.0000000000001));
#3391=CARTESIAN_POINT('',(20.6213203435598,9.51932034355985,7.0000000000001));
#3392=CARTESIAN_POINT('Origin',(16.6956035587702,9.51932034355988,6.5000000000001));
#3393=CARTESIAN_POINT('Origin',(88.0412272750125,120.12000537375,9.5));
#3394=CARTESIAN_POINT('',(71.704884057337,120.12185236018,10.));
#3395=CARTESIAN_POINT('',(59.2036978503732,120.123265743883,10.));
#3396=CARTESIAN_POINT('',(88.0412272750125,120.12000537375,10.));
#3397=CARTESIAN_POINT('',(59.7036051238198,119.623209221187,9.5));
#3398=CARTESIAN_POINT('Origin',(59.2036978503732,120.123265743883,9.5));
#3399=CARTESIAN_POINT('',(71.2047916800648,119.621908897412,9.5));
#3400=CARTESIAN_POINT('',(88.0411707450293,119.620005376946,9.5));
#3401=CARTESIAN_POINT('Origin',(71.704884057337,120.12185236018,9.5));
#3402=CARTESIAN_POINT('Origin',(71.6977411172264,36.9715570773002,9.5));
#3403=CARTESIAN_POINT('',(71.6930064909334,8.91822645290956,10.));
#3404=CARTESIAN_POINT('',(71.6930235527861,9.01932034355985,10.));
#3405=CARTESIAN_POINT('',(71.6977411172264,36.9715570773002,10.));
#3406=CARTESIAN_POINT('',(71.1931079318357,9.51932034355981,9.5));
#3407=CARTESIAN_POINT('Origin',(71.6930235527861,9.01932034355985,9.5));
#3408=CARTESIAN_POINT('',(71.193090879054,9.41828019940481,9.5));
#3409=CARTESIAN_POINT('',(71.1977411243474,36.9716414634697,9.5));
#3410=CARTESIAN_POINT('Origin',(71.6930064909334,8.91822645290957,9.5));
#3411=CARTESIAN_POINT('Origin',(90.2463203435597,9.01932034355982,9.5));
#3412=CARTESIAN_POINT('',(101.12132034356,9.01932034355981,10.));
#3413=CARTESIAN_POINT('',(90.2463203435597,9.01932034355982,10.));
#3414=CARTESIAN_POINT('',(100.62132034356,9.51932034355981,9.5));
#3415=CARTESIAN_POINT('Origin',(101.12132034356,9.01932034355981,9.5));
#3416=CARTESIAN_POINT('',(90.2463203435597,9.51932034355983,9.5));
#3417=CARTESIAN_POINT('Origin',(101.12132034356,37.0193203435598,9.5));
#3418=CARTESIAN_POINT('',(100.62132034356,119.51932034356,9.5));
#3419=CARTESIAN_POINT('',(100.62132034356,37.0193203435598,9.5));
#3420=CARTESIAN_POINT('',(101.12132034356,120.01932034356,10.));
#3421=CARTESIAN_POINT('',(101.12132034356,37.0193203435598,10.));
#3422=CARTESIAN_POINT('Origin',(101.12132034356,120.01932034356,9.5));
#3423=CARTESIAN_POINT('Origin',(102.74632034356,120.01932034356,9.5));
#3424=CARTESIAN_POINT('',(71.204772725971,119.51932034356,9.5));
#3425=CARTESIAN_POINT('',(102.74632034356,119.51932034356,9.5));
#3426=CARTESIAN_POINT('',(71.7048651136889,120.01932034356,10.));
#3427=CARTESIAN_POINT('',(102.74632034356,120.01932034356,10.));
#3428=CARTESIAN_POINT('Origin',(71.7048651136889,120.01932034356,9.5));
#3429=CARTESIAN_POINT('Origin',(71.6980390888666,83.0736334217361,9.5));
#3430=CARTESIAN_POINT('',(71.1980390974005,83.0737258009185,9.5));
#3431=CARTESIAN_POINT('',(71.6980390888666,83.0736334217361,10.));
#3432=CARTESIAN_POINT('Origin',(82.2785295096952,8.91708845248732,9.5));
#3433=CARTESIAN_POINT('',(59.6917702272959,9.41951665297776,9.5));
#3434=CARTESIAN_POINT('',(82.278583262373,9.41708844959797,9.5));
#3435=CARTESIAN_POINT('',(59.1916850427829,8.91957041192429,10.));
#3436=CARTESIAN_POINT('Origin',(59.1916850427829,8.91957041192429,9.5));
#3437=CARTESIAN_POINT('',(82.2785295096952,8.91708845248732,10.));
#3438=CARTESIAN_POINT('Origin',(104.87132034356,64.5193203435599,10.));
#3439=CARTESIAN_POINT('',(210.62132034356,2.12132034355965,10.));
#3440=CARTESIAN_POINT('',(207.62132034356,-0.87867965644036,10.));
#3441=CARTESIAN_POINT('Origin',(207.62132034356,2.12132034355964,10.));
#3442=CARTESIAN_POINT('',(210.62132034356,126.91732034356,10.));
#3443=CARTESIAN_POINT('',(210.62132034356,129.91732034356,10.));
#3444=CARTESIAN_POINT('',(207.62132034356,129.91732034356,10.));
#3445=CARTESIAN_POINT('Origin',(207.62132034356,126.91732034356,10.));
#3446=CARTESIAN_POINT('',(2.12132034355967,129.91732034356,10.));
#3447=CARTESIAN_POINT('',(210.62132034356,129.91732034356,10.));
#3448=CARTESIAN_POINT('',(-0.878679656440298,126.91732034356,10.));
#3449=CARTESIAN_POINT('Origin',(2.12132034355967,126.91732034356,10.));
#3450=CARTESIAN_POINT('',(-0.878679656440298,2.12132034355965,10.));
#3451=CARTESIAN_POINT('',(-0.878679656440298,129.91732034356,10.));
#3452=CARTESIAN_POINT('',(2.12132034355967,-0.87867965644036,10.));
#3453=CARTESIAN_POINT('Origin',(2.12132034355967,2.12132034355965,10.));
#3454=CARTESIAN_POINT('',(210.62132034356,-0.87867965644036,10.));
#3455=CARTESIAN_POINT('',(56.1213203435597,110.01932034356,10.));
#3456=CARTESIAN_POINT('',(56.1213203435597,87.0193203435599,10.));
#3457=CARTESIAN_POINT('',(59.2018240803855,110.01932034356,10.));
#3458=CARTESIAN_POINT('',(90.2463203435597,110.01932034356,10.));
#3459=CARTESIAN_POINT('',(59.1984964194229,92.0755466158964,10.));
#3460=CARTESIAN_POINT('',(59.1934057657682,19.0193203435598,10.));
#3461=CARTESIAN_POINT('',(59.1979980003448,45.9733514381837,10.));
#3462=CARTESIAN_POINT('',(50.1213203435598,19.0193203435598,10.));
#3463=CARTESIAN_POINT('',(77.2463203435598,19.0193203435598,10.));
#3464=CARTESIAN_POINT('',(50.1213203435598,37.0193203435599,10.));
#3465=CARTESIAN_POINT('',(69.6124308100874,2.6684500898222,10.));
#3466=CARTESIAN_POINT('',(61.2709789739629,2.66934684057277,10.));
#3467=CARTESIAN_POINT('',(83.0678248051309,2.66700356289816,10.));
#3468=CARTESIAN_POINT('',(61.2713337416361,5.96934682150306,10.));
#3469=CARTESIAN_POINT('',(61.2744812114289,35.2466768602054,10.));
#3470=CARTESIAN_POINT('',(69.6127855777606,5.9684500707525,10.));
#3471=CARTESIAN_POINT('',(87.238905490867,5.96655516845352,10.));
#3472=CARTESIAN_POINT('',(69.6157556637168,33.5957801189898,10.));
#3473=CARTESIAN_POINT('',(122.121320343559,64.3943203435599,10.));
#3474=CARTESIAN_POINT('Origin',(125.621320343559,64.3943203435599,10.));
#3475=CARTESIAN_POINT('',(197.121320343559,89.3943203435599,10.));
#3476=CARTESIAN_POINT('Origin',(200.621320343559,89.3943203435599,10.));
#3477=CARTESIAN_POINT('',(125.621320343559,10.6443203435599,10.));
#3478=CARTESIAN_POINT('',(200.621320343559,10.6443203435599,10.));
#3479=CARTESIAN_POINT('',(200.621320343559,10.6443203435599,10.));
#3480=CARTESIAN_POINT('',(125.621320343559,18.1443203435599,10.));
#3481=CARTESIAN_POINT('Origin',(125.621320343559,14.3943203435599,10.));
#3482=CARTESIAN_POINT('',(200.62132034356,18.1443203435599,10.));
#3483=CARTESIAN_POINT('',(125.621320343559,18.1443203435599,10.));
#3484=CARTESIAN_POINT('Origin',(200.621320343559,14.3943203435599,10.));
#3485=CARTESIAN_POINT('',(147.121320343559,64.3943203435599,10.));
#3486=CARTESIAN_POINT('Origin',(150.621320343559,64.3943203435599,10.));
#3487=CARTESIAN_POINT('',(122.121320343559,39.3943203435599,10.));
#3488=CARTESIAN_POINT('Origin',(125.621320343559,39.3943203435599,10.));
#3489=CARTESIAN_POINT('',(197.121320343559,64.3943203435599,10.));
#3490=CARTESIAN_POINT('Origin',(200.621320343559,64.3943203435599,10.));
#3491=CARTESIAN_POINT('',(172.121320343559,39.3943203435599,10.));
#3492=CARTESIAN_POINT('Origin',(175.621320343559,39.3943203435599,10.));
#3493=CARTESIAN_POINT('',(147.121320343559,39.3943203435599,10.));
#3494=CARTESIAN_POINT('Origin',(150.621320343559,39.3943203435599,10.));
#3495=CARTESIAN_POINT('',(147.121320343559,89.3943203435599,10.));
#3496=CARTESIAN_POINT('Origin',(150.621320343559,89.3943203435599,10.));
#3497=CARTESIAN_POINT('',(172.121320343559,64.3943203435599,10.));
#3498=CARTESIAN_POINT('Origin',(175.621320343559,64.3943203435599,10.));
#3499=CARTESIAN_POINT('',(172.121320343559,89.3943203435599,10.));
#3500=CARTESIAN_POINT('Origin',(175.621320343559,89.3943203435599,10.));
#3501=CARTESIAN_POINT('',(125.621320343559,118.14432034356,10.));
#3502=CARTESIAN_POINT('',(125.62132034356,110.64432034356,10.));
#3503=CARTESIAN_POINT('Origin',(125.621320343559,114.39432034356,10.));
#3504=CARTESIAN_POINT('',(200.621320343559,118.14432034356,10.));
#3505=CARTESIAN_POINT('',(200.621320343559,118.14432034356,10.));
#3506=CARTESIAN_POINT('',(200.62132034356,110.64432034356,10.));
#3507=CARTESIAN_POINT('Origin',(200.621320343559,114.39432034356,10.));
#3508=CARTESIAN_POINT('',(125.62132034356,110.64432034356,10.));
#3509=CARTESIAN_POINT('',(122.121320343559,89.3943203435599,10.));
#3510=CARTESIAN_POINT('Origin',(125.621320343559,89.3943203435599,10.));
#3511=CARTESIAN_POINT('',(197.121320343559,39.3943203435599,10.));
#3512=CARTESIAN_POINT('Origin',(200.621320343559,39.3943203435599,10.));
#3513=CARTESIAN_POINT('',(52.9519201128138,10.2998409294999,10.));
#3514=CARTESIAN_POINT('',(52.9533412695631,18.6412926927636,10.));
#3515=CARTESIAN_POINT('',(52.957250207677,41.5847285587138,10.));
#3516=CARTESIAN_POINT('',(56.2533412216687,18.6407304624301,10.));
#3517=CARTESIAN_POINT('',(80.5584218444972,18.6365895370413,10.));
#3518=CARTESIAN_POINT('',(56.2519200649195,10.2992786991663,10.));
#3519=CARTESIAN_POINT('',(56.2565395814079,37.4134404467487,10.));
#3520=CARTESIAN_POINT('',(78.9070007116948,10.2954188889444,10.));
#3521=CARTESIAN_POINT('Origin',(20.1213203435598,119.51932034356,6.50000000000002));
#3522=CARTESIAN_POINT('',(20.6213203435598,119.51932034356,6.50000000000002));
#3523=CARTESIAN_POINT('',(20.1213203435598,110.01932034356,7.00000000000003));
#3524=CARTESIAN_POINT('',(20.1213203435598,119.51932034356,7.00000000000002));
#3525=CARTESIAN_POINT('Origin',(20.1213203435598,110.01932034356,6.50000000000003));
#3526=CARTESIAN_POINT('Origin',(20.6213203435598,110.01932034356,6.50000000000003));
#3527=CARTESIAN_POINT('',(16.7048391604371,110.01932034356,7.00000000000003));
#3528=CARTESIAN_POINT('',(20.6213203435598,110.01932034356,7.00000000000003));
#3529=CARTESIAN_POINT('Origin',(16.7048391604371,110.01932034356,6.50000000000003));
#3530=CARTESIAN_POINT('Origin',(16.7049322915562,110.569926056884,6.50000000000003));
#3531=CARTESIAN_POINT('',(16.7049322915562,110.569926056884,7.00000000000003));
#3532=CARTESIAN_POINT('Origin',(20.6213203435598,119.51932034356,10.));
#3533=CARTESIAN_POINT('',(20.6213203435598,109.51932034356,0.));
#3534=CARTESIAN_POINT('Origin',(90.2463203435597,110.01932034356,9.5));
#3535=CARTESIAN_POINT('',(55.6213203435598,109.51932034356,9.5));
#3536=CARTESIAN_POINT('',(59.7017313643142,109.51932034356,9.5));
#3537=CARTESIAN_POINT('',(90.2463203435597,109.51932034356,9.5));
#3538=CARTESIAN_POINT('Origin',(59.2018240803855,110.01932034356,9.5));
#3539=CARTESIAN_POINT('Origin',(56.1213203435597,110.01932034356,9.5));
#3540=CARTESIAN_POINT('Origin',(59.1984964194229,92.0755466158964,9.5));
#3541=CARTESIAN_POINT('',(59.698496410825,92.0754538912288,9.5));
#3542=CARTESIAN_POINT('Origin',(56.1213203435597,87.0193203435599,9.5));
#3543=CARTESIAN_POINT('',(55.6213203435598,87.0193203435599,9.5));
#3544=CARTESIAN_POINT('Origin',(59.7036051238198,119.623209221187,2.26800000000003));
#3545=CARTESIAN_POINT('',(59.7017313643142,109.51932034356,2.26800000000004));
#3546=CARTESIAN_POINT('',(59.7017313643142,109.51932034356,6.13400000000002));
#3547=CARTESIAN_POINT('',(59.7036051238198,119.623209221187,2.26800000000004));
#3548=CARTESIAN_POINT('',(59.7002670357896,101.62320953071,2.26800000000004));
#3549=CARTESIAN_POINT('',(59.7036051238198,119.623209221187,2.26800000000004));
#3550=CARTESIAN_POINT('Origin',(75.6213203435598,109.51932034356,10.));
#3551=CARTESIAN_POINT('',(55.6213203435598,109.51932034356,0.));
#3552=CARTESIAN_POINT('',(55.6213203435598,109.51932034356,10.));
#3553=CARTESIAN_POINT('',(75.6213203435598,109.51932034356,0.));
#3554=CARTESIAN_POINT('',(4.1213203435597,109.51932034356,0.));
#3555=CARTESIAN_POINT('',(75.6213203435598,109.51932034356,6.50000000000003));
#3556=CARTESIAN_POINT('',(75.6213203435598,109.51932034356,10.));
#3557=CARTESIAN_POINT('',(71.2029251422904,109.51932034356,6.50000000000003));
#3558=CARTESIAN_POINT('',(75.6213203435596,109.51932034356,6.50000000000003));
#3559=CARTESIAN_POINT('',(71.2029251422904,109.51932034356,2.26800000000005));
#3560=CARTESIAN_POINT('',(71.2029251422904,109.51932034356,6.13400000000003));
#3561=CARTESIAN_POINT('',(58.0479444703423,109.51932034356,2.26800000000003));
#3562=CARTESIAN_POINT('Origin',(55.6213203435598,109.51932034356,10.));
#3563=CARTESIAN_POINT('',(55.6213203435598,119.51932034356,0.));
#3564=CARTESIAN_POINT('Origin',(75.1213203435598,119.51932034356,6.50000000000002));
#3565=CARTESIAN_POINT('',(75.6213203435598,119.51932034356,6.50000000000002));
#3566=CARTESIAN_POINT('',(75.6213203435598,119.51932034356,6.50000000000002));
#3567=CARTESIAN_POINT('',(75.1213203435598,119.51932034356,7.00000000000003));
#3568=CARTESIAN_POINT('Origin',(75.1213203435598,119.51932034356,6.50000000000002));
#3569=CARTESIAN_POINT('',(75.1213203435598,110.01932034356,7.00000000000003));
#3570=CARTESIAN_POINT('',(75.1213203435598,119.51932034356,7.00000000000002));
#3571=CARTESIAN_POINT('Origin',(75.1213203435598,110.01932034356,6.50000000000003));
#3572=CARTESIAN_POINT('Origin',(75.6213203435596,110.01932034356,6.50000000000003));
#3573=CARTESIAN_POINT('',(71.7030175300084,110.01932034356,7.00000000000003));
#3574=CARTESIAN_POINT('',(75.6213203435596,110.01932034356,7.00000000000003));
#3575=CARTESIAN_POINT('Origin',(71.7030175300084,110.01932034356,6.50000000000003));
#3576=CARTESIAN_POINT('Origin',(71.7031194445807,110.570930391965,6.50000000000003));
#3577=CARTESIAN_POINT('',(71.7047727345049,119.51932034356,7.00000000000003));
#3578=CARTESIAN_POINT('',(71.7031194445807,110.570930391965,7.00000000000003));
#3579=CARTESIAN_POINT('',(71.204772725971,119.51932034356,6.50000000000002));
#3580=CARTESIAN_POINT('Origin',(71.7047727345049,119.51932034356,6.50000000000002));
#3581=CARTESIAN_POINT('',(71.2031194531146,110.571022771147,6.50000000000003));
#3582=CARTESIAN_POINT('Origin',(75.6213203435598,119.51932034356,10.));
#3583=CARTESIAN_POINT('',(75.6213203435598,119.51932034356,0.));
#3584=CARTESIAN_POINT('',(75.6213203435598,109.51932034356,0.));
#3585=CARTESIAN_POINT('',(75.6213203435598,119.51932034356,10.));
#3586=CARTESIAN_POINT('Origin',(71.2014660294965,101.621909204633,2.26800000000005));
#3587=CARTESIAN_POINT('',(71.2047916800648,119.621908897412,2.26800000000004));
#3588=CARTESIAN_POINT('',(71.2047916800648,119.621908897412,2.26800000000004));
#3589=CARTESIAN_POINT('',(71.2047916800648,119.621908897412,2.26800000000004));
#3590=CARTESIAN_POINT('',(71.204772725971,119.51932034356,6.13400000000002));
#3591=CARTESIAN_POINT('Origin',(16.6963725028099,14.4679408549429,6.5000000000001));
#3592=CARTESIAN_POINT('',(16.6970797213413,19.0193203435598,7.0000000000001));
#3593=CARTESIAN_POINT('',(16.6963725028099,14.4679408549429,7.0000000000001));
#3594=CARTESIAN_POINT('Origin',(16.6970797213413,19.0193203435598,6.5000000000001));
#3595=CARTESIAN_POINT('Origin',(12.3713203435597,19.0193203435598,6.5000000000001));
#3596=CARTESIAN_POINT('',(20.1213203435598,19.0193203435598,7.0000000000001));
#3597=CARTESIAN_POINT('',(12.3713203435597,19.0193203435598,7.0000000000001));
#3598=CARTESIAN_POINT('Origin',(20.1213203435598,19.0193203435598,6.5000000000001));
#3599=CARTESIAN_POINT('Origin',(20.1213203435598,19.5193203435598,6.5000000000001));
#3600=CARTESIAN_POINT('',(20.1213203435598,19.5193203435598,7.0000000000001));
#3601=CARTESIAN_POINT('',(20.6213203435598,19.5193203435598,6.5000000000001));
#3602=CARTESIAN_POINT('Origin',(20.6213203435598,19.5193203435598,10.));
#3603=CARTESIAN_POINT('',(20.6213203435598,19.5193203435598,0.));
#3604=CARTESIAN_POINT('Origin',(50.1213203435598,37.0193203435599,9.5));
#3605=CARTESIAN_POINT('',(49.6213203435598,19.5193203435598,9.5));
#3606=CARTESIAN_POINT('',(49.6213203435598,37.0193203435599,9.5));
#3607=CARTESIAN_POINT('Origin',(50.1213203435598,19.0193203435598,9.5));
#3608=CARTESIAN_POINT('Origin',(77.2463203435598,19.0193203435598,9.5));
#3609=CARTESIAN_POINT('',(59.6934909594403,19.5193203435598,9.5));
#3610=CARTESIAN_POINT('Origin',(59.1934057657682,19.0193203435598,9.5));
#3611=CARTESIAN_POINT('',(77.2463203435598,19.5193203435598,9.5));
#3612=CARTESIAN_POINT('Origin',(59.1979980003448,45.9733514381837,9.5));
#3613=CARTESIAN_POINT('',(59.6979979930881,45.9732662517696,9.5));
#3614=CARTESIAN_POINT('Origin',(49.6213203435598,9.51932034355988,10.));
#3615=CARTESIAN_POINT('',(49.6213203435598,19.5193203435598,0.));
#3616=CARTESIAN_POINT('',(49.6213203435598,19.5193203435598,10.));
#3617=CARTESIAN_POINT('',(49.6213203435598,9.51932034355988,0.));
#3618=CARTESIAN_POINT('',(49.6213203435598,12.2711343439755,5.76800000000013));
#3619=CARTESIAN_POINT('Origin',(49.6213203435598,14.471134375905,5.76800000000013));
#3620=CARTESIAN_POINT('Origin',(49.6213203435598,19.5193203435598,10.));
#3621=CARTESIAN_POINT('',(59.6934909594403,19.5193203435598,2.26800000000011));
#3622=CARTESIAN_POINT('',(59.6934909594403,19.5193203435598,6.13400000000005));
#3623=CARTESIAN_POINT('',(71.1947956552495,19.5193203435598,2.26800000000012));
#3624=CARTESIAN_POINT('',(45.0479444703424,19.5193203435598,2.26800000000006));
#3625=CARTESIAN_POINT('',(71.1947956552495,19.5193203435598,6.5000000000001));
#3626=CARTESIAN_POINT('',(71.1947956552495,19.5193203435598,6.13400000000006));
#3627=CARTESIAN_POINT('',(75.6213203435598,19.5193203435598,6.5000000000001));
#3628=CARTESIAN_POINT('',(62.6213203435596,19.5193203435598,6.5000000000001));
#3629=CARTESIAN_POINT('',(75.6213203435598,19.5193203435598,0.));
#3630=CARTESIAN_POINT('',(75.6213203435598,19.5193203435598,10.));
#3631=CARTESIAN_POINT('',(100.62132034356,19.5193203435598,0.));
#3632=CARTESIAN_POINT('Origin',(59.6948369382041,27.4195163917357,2.26800000000011));
#3633=CARTESIAN_POINT('',(59.6917702272959,9.41951665297776,2.26800000000011));
#3634=CARTESIAN_POINT('',(59.6917702272959,9.41951665297776,2.26800000000011));
#3635=CARTESIAN_POINT('',(59.6917702272959,9.41951665297776,2.26800000000011));
#3636=CARTESIAN_POINT('',(59.6922557731459,12.2694185301984,5.76800000000013));
#3637=CARTESIAN_POINT('Origin',(59.692630593368,14.4694184982688,5.76800000000013));
#3638=CARTESIAN_POINT('Origin',(71.6939433230736,14.4690894227701,6.5000000000001));
#3639=CARTESIAN_POINT('',(71.1931079318357,9.51932034355986,6.5000000000001));
#3640=CARTESIAN_POINT('',(71.1939433301945,14.4691738089396,6.5000000000001));
#3641=CARTESIAN_POINT('',(71.6931079389568,9.51932034355981,7.0000000000001));
#3642=CARTESIAN_POINT('Origin',(71.6931079389568,9.51932034355986,6.5000000000001));
#3643=CARTESIAN_POINT('',(71.6947112761999,19.0193203435598,7.0000000000001));
#3644=CARTESIAN_POINT('',(71.6939433230736,14.4690894227701,7.0000000000001));
#3645=CARTESIAN_POINT('Origin',(71.6947112761999,19.0193203435598,6.5000000000001));
#3646=CARTESIAN_POINT('Origin',(62.6213203435596,19.0193203435598,6.5000000000001));
#3647=CARTESIAN_POINT('',(75.1213203435598,19.0193203435598,7.0000000000001));
#3648=CARTESIAN_POINT('',(62.6213203435596,19.0193203435598,7.0000000000001));
#3649=CARTESIAN_POINT('Origin',(75.1213203435598,19.0193203435598,6.5000000000001));
#3650=CARTESIAN_POINT('Origin',(75.1213203435598,19.5193203435598,6.5000000000001));
#3651=CARTESIAN_POINT('',(75.1213203435598,9.51932034355981,7.0000000000001));
#3652=CARTESIAN_POINT('',(75.1213203435598,19.5193203435598,7.0000000000001));
#3653=CARTESIAN_POINT('',(75.6213203435598,9.51932034355985,6.5000000000001));
#3654=CARTESIAN_POINT('Origin',(75.1213203435598,9.51932034355985,6.5000000000001));
#3655=CARTESIAN_POINT('',(75.6213203435598,19.5193203435598,6.5000000000001));
#3656=CARTESIAN_POINT('Origin',(71.193090879054,9.41828019940481,2.26800000000012));
#3657=CARTESIAN_POINT('',(71.1931079318357,9.51932034355981,4.63400000000011));
#3658=CARTESIAN_POINT('',(71.193090879054,9.41828019940481,2.26800000000011));
#3659=CARTESIAN_POINT('',(71.1961287811555,27.4182799430479,2.26800000000011));
#3660=CARTESIAN_POINT('',(71.193090879054,9.41828019940481,2.26800000000011));
#3661=CARTESIAN_POINT('Origin',(75.6213203435598,19.5193203435598,10.));
#3662=CARTESIAN_POINT('',(75.6213203435598,9.51932034355985,0.));
#3663=CARTESIAN_POINT('',(75.6213203435598,9.51932034355985,10.));
#3664=CARTESIAN_POINT('',(75.6213203435598,19.5193203435598,0.));
#3665=CARTESIAN_POINT('Origin',(20.6213203435598,119.51932034356,7.00000000000002));
#3666=CARTESIAN_POINT('Origin',(20.6213203435598,19.5193203435598,7.0000000000001));
#3667=CARTESIAN_POINT('Origin',(75.6213203435595,119.51932034356,7.00000000000002));
#3668=CARTESIAN_POINT('',(75.6213203435595,119.51932034356,7.00000000000003));
#3669=CARTESIAN_POINT('Origin',(75.6213203435595,19.5193203435598,7.0000000000001));
#3670=CARTESIAN_POINT('',(75.6213203435595,9.51932034355981,7.0000000000001));
#3671=CARTESIAN_POINT('Origin',(69.6124308100874,2.6684500898222,5.76800000000013));
#3672=CARTESIAN_POINT('',(69.6127855777606,5.9684500707525,5.76800000000013));
#3673=CARTESIAN_POINT('',(69.6127855777606,5.9684500707525,5.76800000000013));
#3674=CARTESIAN_POINT('',(69.6124308100874,2.6684500898222,5.76800000000013));
#3675=CARTESIAN_POINT('',(69.6124308100874,2.6684500898222,5.76800000000013));
#3676=CARTESIAN_POINT('',(69.6124308100874,2.6684500898222,5.76800000000013));
#3677=CARTESIAN_POINT('Origin',(65.4418822758617,4.31889845566261,5.76800000000013));
#3678=CARTESIAN_POINT('',(69.4835115206714,5.96846396840609,5.76800000000006));
#3679=CARTESIAN_POINT('',(69.4831567529981,2.6684639874758,5.76800000000003));
#3680=CARTESIAN_POINT('',(69.4835115206714,5.96846396840609,5.76800000000006));
#3681=CARTESIAN_POINT('',(61.2709789739629,2.66934684057277,5.76800000000013));
#3682=CARTESIAN_POINT('',(69.6127855777606,5.9684500707525,5.76800000000013));
#3683=CARTESIAN_POINT('Origin',(61.2713337416361,5.96934682150306,5.76800000000013));
#3684=CARTESIAN_POINT('',(61.2709789739629,2.66934684057277,5.76800000000013));
#3685=CARTESIAN_POINT('',(61.2709789739629,2.66934684057277,5.76800000000013));
#3686=CARTESIAN_POINT('',(61.2713337416361,5.96934682150306,5.76800000000013));
#3687=CARTESIAN_POINT('',(61.2713337416361,5.96934682150306,5.76800000000013));
#3688=CARTESIAN_POINT('',(61.2713337416361,5.96934682150306,5.76800000000013));
#3689=CARTESIAN_POINT('Origin',(65.4418822758617,4.31889845566261,5.76800000000013));
#3690=CARTESIAN_POINT('',(61.4006077987255,5.96933292384951,5.76799999999999));
#3691=CARTESIAN_POINT('',(61.4002530310522,2.66933294291922,5.76799999999996));
#3692=CARTESIAN_POINT('',(61.4006077987255,5.96933292384951,5.76799999999999));
#3693=CARTESIAN_POINT('',(69.6127855777606,5.9684500707525,5.76800000000013));
#3694=CARTESIAN_POINT('',(61.2709789739629,2.66934684057277,5.76800000000013));
#3695=CARTESIAN_POINT('Origin',(67.4627855901851,5.96868120726694,2.26800000000014));
#3696=CARTESIAN_POINT('',(67.4627855901849,5.96868120726694,2.26800000000026));
#3697=CARTESIAN_POINT('',(68.4731485554284,5.96857258783651,4.0180000000003));
#3698=CARTESIAN_POINT('',(67.4624308225115,2.66868122633666,2.26800000000023));
#3699=CARTESIAN_POINT('',(67.4627855901849,5.96868120726694,2.26800000000026));
#3700=CARTESIAN_POINT('',(68.4727937877551,2.66857260690622,4.01800000000027));
#3701=CARTESIAN_POINT('Origin',(63.4213337292119,5.96911568498858,2.26800000000011));
#3702=CARTESIAN_POINT('',(63.4213337292119,5.96911568498865,2.26800000000054));
#3703=CARTESIAN_POINT('',(65.4420596596986,5.96889844612776,2.26800000000019));
#3704=CARTESIAN_POINT('',(63.4209789615386,2.66911570405837,2.26800000000051));
#3705=CARTESIAN_POINT('',(63.4213337292119,5.96911568498865,2.26800000000054));
#3706=CARTESIAN_POINT('',(65.4417048920253,2.66889846519747,2.26800000000015));
#3707=CARTESIAN_POINT('Origin',(61.4006077987257,5.96933292384951,5.76800000000007));
#3708=CARTESIAN_POINT('',(62.4109707639688,5.96922430441908,4.0180000000003));
#3709=CARTESIAN_POINT('',(62.4106159962955,2.66922432348879,4.01800000000027));
#3710=CARTESIAN_POINT('Origin',(65.4420596596986,5.96889844612773,5.76800000000027));
#3711=CARTESIAN_POINT('',(67.6420596469854,5.96866193434554,5.76800000000027));
#3712=CARTESIAN_POINT('Origin',(65.4420596596986,5.96889844612773,5.76800000000027));
#3713=CARTESIAN_POINT('Origin',(65.4417048920253,2.66889846519743,5.76800000000024));
#3714=CARTESIAN_POINT('',(67.6417048793122,2.66866195341529,5.76800000000027));
#3715=CARTESIAN_POINT('Origin',(65.4417048920254,2.66889846519743,5.76800000000027));
#3716=CARTESIAN_POINT('Origin',(65.4420596596986,5.9688984461278,5.76800000000027));
#3717=CARTESIAN_POINT('',(67.6413235210891,-0.87867965644036,5.76800000000028));
#3718=CARTESIAN_POINT('Origin',(65.4413235083759,-0.87867965644036,5.76800000000028));
#3719=CARTESIAN_POINT('',(67.6420596469854,5.96866193434564,5.76800000000027));
#3720=CARTESIAN_POINT('Origin',(65.4420596596986,5.9688984461278,5.76800000000027));
#3721=CARTESIAN_POINT('',(67.642430540462,9.4186619144091,5.76800000000027));
#3722=CARTESIAN_POINT('',(67.6420596469854,5.96866193434564,5.76800000000027));
#3723=CARTESIAN_POINT('Origin',(65.4424305531752,9.41889842619134,5.76800000000027));
#3724=CARTESIAN_POINT('Origin',(52.9519201128138,10.2998409294999,5.76800000000013));
#3725=CARTESIAN_POINT('',(56.2519200649195,10.2992786991663,5.76800000000013));
#3726=CARTESIAN_POINT('',(56.2519200649195,10.2992786991663,5.76800000000013));
#3727=CARTESIAN_POINT('',(52.9519201128138,10.2998409294999,5.76800000000013));
#3728=CARTESIAN_POINT('',(52.9519201128138,10.2998409294999,5.76800000000013));
#3729=CARTESIAN_POINT('',(52.9519201128138,10.2998409294999,5.76800000000013));
#3730=CARTESIAN_POINT('Origin',(54.6026306672413,14.470285695965,5.76800000000013));
#3731=CARTESIAN_POINT('',(56.2519420897063,10.4285527551261,5.76800000000034));
#3732=CARTESIAN_POINT('',(52.9519421376007,10.4291149854595,5.76799999999999));
#3733=CARTESIAN_POINT('',(56.2519420897063,10.4285527551261,5.76800000000034));
#3734=CARTESIAN_POINT('',(52.9533412695631,18.6412926927636,5.76800000000013));
#3735=CARTESIAN_POINT('',(56.2519200649195,10.2992786991663,5.76800000000013));
#3736=CARTESIAN_POINT('Origin',(56.2533412216687,18.6407304624301,5.76800000000013));
#3737=CARTESIAN_POINT('',(52.9533412695631,18.6412926927636,5.76800000000013));
#3738=CARTESIAN_POINT('',(52.9533412695631,18.6412926927636,5.76800000000013));
#3739=CARTESIAN_POINT('',(56.2533412216687,18.6407304624301,5.76800000000013));
#3740=CARTESIAN_POINT('',(56.2533412216687,18.6407304624301,5.76800000000013));
#3741=CARTESIAN_POINT('',(56.2533412216687,18.6407304624301,5.76800000000013));
#3742=CARTESIAN_POINT('Origin',(54.6026306672413,14.470285695965,5.76800000000013));
#3743=CARTESIAN_POINT('',(56.2533191968819,18.5114564064696,5.76800000000041));
#3744=CARTESIAN_POINT('',(52.9533192447762,18.5120186368031,5.76800000000006));
#3745=CARTESIAN_POINT('',(56.2533191968819,18.5114564064696,5.76800000000041));
#3746=CARTESIAN_POINT('',(56.2519200649195,10.2992786991663,5.76800000000013));
#3747=CARTESIAN_POINT('',(52.9533412695631,18.6412926927636,5.76800000000013));
#3748=CARTESIAN_POINT('Origin',(56.253319196882,18.51145640647,5.7680000000002));
#3749=CARTESIAN_POINT('',(56.2529749200881,16.490730493634,2.26800000000054));
#3750=CARTESIAN_POINT('',(56.253147058485,17.5010934500519,4.01800000000023));
#3751=CARTESIAN_POINT('',(52.9529749679824,16.4912927239675,2.26800000000019));
#3752=CARTESIAN_POINT('',(52.9531471063794,17.5016556803854,4.01799999999987));
#3753=CARTESIAN_POINT('',(56.2529749200881,16.490730493634,2.26800000000054));
#3754=CARTESIAN_POINT('Origin',(56.2522863665002,12.4492786679619,2.26799999999983));
#3755=CARTESIAN_POINT('',(56.2522863665001,12.4492786679625,2.26800000000011));
#3756=CARTESIAN_POINT('',(56.2521142281033,11.438915711544,4.01800000000009));
#3757=CARTESIAN_POINT('',(52.9522864143945,12.449840898296,2.26799999999976));
#3758=CARTESIAN_POINT('',(56.2522863665001,12.4492786679625,2.26800000000011));
#3759=CARTESIAN_POINT('',(52.9521142759977,11.4394779418775,4.01799999999973));
#3760=CARTESIAN_POINT('Origin',(56.2529749200881,16.490730493634,2.26800000000011));
#3761=CARTESIAN_POINT('',(56.2526306432941,14.4700045807981,2.26800000000011));
#3762=CARTESIAN_POINT('',(52.9526306911885,14.4705668111316,2.26799999999976));
#3763=CARTESIAN_POINT('Origin',(56.2526306432945,14.4700045807979,5.76800000000013));
#3764=CARTESIAN_POINT('',(56.2522558230722,12.2700046127276,5.76800000000013));
#3765=CARTESIAN_POINT('Origin',(56.2526306432945,14.470004580798,5.76800000000013));
#3766=CARTESIAN_POINT('Origin',(52.952630691188,14.4705668111313,5.76799999999977));
#3767=CARTESIAN_POINT('',(52.9522558709661,12.2705668430607,5.76800000000013));
#3768=CARTESIAN_POINT('Origin',(52.952630691188,14.4705668111311,5.76800000000013));
#3769=CARTESIAN_POINT('Origin',(56.2526306432941,14.470004580798,5.76800000000013));
#3770=CARTESIAN_POINT('',(56.252255823072,12.2700046127276,5.76800000000013));
#3771=CARTESIAN_POINT('Origin',(56.2526306432941,14.470004580798,5.76800000000013));
#3772=CARTESIAN_POINT('',(56.252255823072,12.2700046127276,5.76800000000013));
#3773=CARTESIAN_POINT('Origin',(207.62132034356,2.12132034355964,10.));
#3774=CARTESIAN_POINT('',(207.62132034356,-0.87867965644036,0.));
#3775=CARTESIAN_POINT('',(210.62132034356,2.12132034355965,0.));
#3776=CARTESIAN_POINT('Origin',(207.62132034356,2.12132034355964,0.));
#3777=CARTESIAN_POINT('',(210.62132034356,2.12132034355964,10.));
#3778=CARTESIAN_POINT('',(207.62132034356,-0.87867965644036,10.));
#3779=CARTESIAN_POINT('Origin',(210.62132034356,129.91732034356,10.));
#3780=CARTESIAN_POINT('',(210.62132034356,126.91732034356,0.));
#3781=CARTESIAN_POINT('',(210.62132034356,129.91732034356,0.));
#3782=CARTESIAN_POINT('',(210.62132034356,126.91732034356,10.));
#3783=CARTESIAN_POINT('Origin',(207.62132034356,126.91732034356,10.));
#3784=CARTESIAN_POINT('',(207.62132034356,129.91732034356,0.));
#3785=CARTESIAN_POINT('Origin',(207.62132034356,126.91732034356,0.));
#3786=CARTESIAN_POINT('',(207.62132034356,129.91732034356,10.));
#3787=CARTESIAN_POINT('Origin',(2.12132034355967,2.12132034355965,10.));
#3788=CARTESIAN_POINT('',(-0.878679656440298,2.12132034355965,0.));
#3789=CARTESIAN_POINT('',(2.12132034355967,-0.87867965644036,0.));
#3790=CARTESIAN_POINT('Origin',(2.12132034355967,2.12132034355965,0.));
#3791=CARTESIAN_POINT('',(2.12132034355967,-0.87867965644036,10.));
#3792=CARTESIAN_POINT('',(-0.878679656440298,2.12132034355965,10.));
#3793=CARTESIAN_POINT('Origin',(-0.878679656440298,-0.87867965644036,10.));
#3794=CARTESIAN_POINT('',(-0.878679656440298,126.91732034356,0.));
#3795=CARTESIAN_POINT('',(-0.878679656440298,126.91732034356,10.));
#3796=CARTESIAN_POINT('',(-0.878679656440298,129.91732034356,0.));
#3797=CARTESIAN_POINT('Origin',(2.12132034355967,126.91732034356,10.));
#3798=CARTESIAN_POINT('',(2.12132034355967,129.91732034356,0.));
#3799=CARTESIAN_POINT('Origin',(2.12132034355967,126.91732034356,0.));
#3800=CARTESIAN_POINT('',(2.12132034355967,129.91732034356,10.));
#3801=CARTESIAN_POINT('Origin',(71.2047916800648,119.621908897412,2.26800000000004));
#3802=CARTESIAN_POINT('',(59.7036051238198,119.623209221187,2.26800000000004));
#3803=CARTESIAN_POINT('Origin',(40.4745685971249,64.5196192610713,2.26800000000004));
#3804=CARTESIAN_POINT('',(71.193090879054,9.41828019940481,2.26800000000011));
#3805=CARTESIAN_POINT('Origin',(40.4745685971249,64.5196192610713,2.26800000000004));
#3806=CARTESIAN_POINT('Origin',(40.4745685971249,64.5196192610713,2.26800000000004));
#3807=CARTESIAN_POINT('Origin',(59.6917702272959,9.41951665297776,2.26800000000011));
#3808=CARTESIAN_POINT('Origin',(40.4745685971249,64.5196192610713,2.26800000000004));
#3809=CARTESIAN_POINT('Origin',(100.62132034356,119.51932034356,10.));
#3810=CARTESIAN_POINT('',(100.62132034356,119.51932034356,0.));
#3811=CARTESIAN_POINT('',(75.6213203435598,119.51932034356,0.));
#3812=CARTESIAN_POINT('',(100.62132034356,119.51932034356,10.));
#3813=CARTESIAN_POINT('Origin',(100.62132034356,9.51932034355981,10.));
#3814=CARTESIAN_POINT('',(100.62132034356,9.51932034355981,0.));
#3815=CARTESIAN_POINT('',(100.62132034356,119.51932034356,0.));
#3816=CARTESIAN_POINT('',(100.62132034356,9.51932034355981,10.));
#3817=CARTESIAN_POINT('Origin',(75.6213203435598,9.51932034355985,10.));
#3818=CARTESIAN_POINT('',(75.6213203435598,9.51932034355985,0.));
#3819=CARTESIAN_POINT('Origin',(200.621320343559,39.3943203435599,10.));
#3820=CARTESIAN_POINT('',(197.121320343559,39.3943203435599,0.));
#3821=CARTESIAN_POINT('Origin',(200.621320343559,39.3943203435599,0.));
#3822=CARTESIAN_POINT('',(197.121320343559,39.3943203435599,10.));
#3823=CARTESIAN_POINT('Origin',(125.621320343559,89.3943203435599,10.));
#3824=CARTESIAN_POINT('',(122.121320343559,89.3943203435599,0.));
#3825=CARTESIAN_POINT('Origin',(125.621320343559,89.3943203435599,0.));
#3826=CARTESIAN_POINT('',(122.121320343559,89.3943203435599,10.));
#3827=CARTESIAN_POINT('Origin',(200.621320343559,118.14432034356,10.));
#3828=CARTESIAN_POINT('',(125.621320343559,118.14432034356,0.));
#3829=CARTESIAN_POINT('',(125.621320343559,118.14432034356,10.));
#3830=CARTESIAN_POINT('',(200.621320343559,118.14432034356,0.));
#3831=CARTESIAN_POINT('',(200.621320343559,118.14432034356,0.));
#3832=CARTESIAN_POINT('',(200.621320343559,118.14432034356,10.));
#3833=CARTESIAN_POINT('Origin',(200.621320343559,114.39432034356,10.));
#3834=CARTESIAN_POINT('',(200.62132034356,110.64432034356,0.));
#3835=CARTESIAN_POINT('Origin',(200.621320343559,114.39432034356,0.));
#3836=CARTESIAN_POINT('',(200.62132034356,110.64432034356,10.));
#3837=CARTESIAN_POINT('Origin',(125.62132034356,110.64432034356,10.));
#3838=CARTESIAN_POINT('',(125.62132034356,110.64432034356,0.));
#3839=CARTESIAN_POINT('',(125.62132034356,110.64432034356,0.));
#3840=CARTESIAN_POINT('',(125.62132034356,110.64432034356,10.));
#3841=CARTESIAN_POINT('Origin',(125.621320343559,114.39432034356,10.));
#3842=CARTESIAN_POINT('Origin',(125.621320343559,114.39432034356,0.));
#3843=CARTESIAN_POINT('Origin',(175.621320343559,89.3943203435599,10.));
#3844=CARTESIAN_POINT('',(172.121320343559,89.3943203435599,0.));
#3845=CARTESIAN_POINT('Origin',(175.621320343559,89.3943203435599,0.));
#3846=CARTESIAN_POINT('',(172.121320343559,89.3943203435599,10.));
#3847=CARTESIAN_POINT('Origin',(175.621320343559,64.3943203435599,10.));
#3848=CARTESIAN_POINT('',(172.121320343559,64.3943203435599,0.));
#3849=CARTESIAN_POINT('Origin',(175.621320343559,64.3943203435599,0.));
#3850=CARTESIAN_POINT('',(172.121320343559,64.3943203435599,10.));
#3851=CARTESIAN_POINT('Origin',(150.621320343559,89.3943203435599,10.));
#3852=CARTESIAN_POINT('',(147.121320343559,89.3943203435599,0.));
#3853=CARTESIAN_POINT('Origin',(150.621320343559,89.3943203435599,0.));
#3854=CARTESIAN_POINT('',(147.121320343559,89.3943203435599,10.));
#3855=CARTESIAN_POINT('Origin',(150.621320343559,39.3943203435599,10.));
#3856=CARTESIAN_POINT('',(147.121320343559,39.3943203435599,0.));
#3857=CARTESIAN_POINT('Origin',(150.621320343559,39.3943203435599,0.));
#3858=CARTESIAN_POINT('',(147.121320343559,39.3943203435599,10.));
#3859=CARTESIAN_POINT('Origin',(175.621320343559,39.3943203435599,10.));
#3860=CARTESIAN_POINT('',(172.121320343559,39.3943203435599,0.));
#3861=CARTESIAN_POINT('Origin',(175.621320343559,39.3943203435599,0.));
#3862=CARTESIAN_POINT('',(172.121320343559,39.3943203435599,10.));
#3863=CARTESIAN_POINT('Origin',(200.621320343559,64.3943203435599,10.));
#3864=CARTESIAN_POINT('',(197.121320343559,64.3943203435599,0.));
#3865=CARTESIAN_POINT('Origin',(200.621320343559,64.3943203435599,0.));
#3866=CARTESIAN_POINT('',(197.121320343559,64.3943203435599,10.));
#3867=CARTESIAN_POINT('Origin',(125.621320343559,39.3943203435599,10.));
#3868=CARTESIAN_POINT('',(122.121320343559,39.3943203435599,0.));
#3869=CARTESIAN_POINT('Origin',(125.621320343559,39.3943203435599,0.));
#3870=CARTESIAN_POINT('',(122.121320343559,39.3943203435599,10.));
#3871=CARTESIAN_POINT('Origin',(150.621320343559,64.3943203435599,10.));
#3872=CARTESIAN_POINT('',(147.121320343559,64.3943203435599,0.));
#3873=CARTESIAN_POINT('Origin',(150.621320343559,64.3943203435599,0.));
#3874=CARTESIAN_POINT('',(147.121320343559,64.3943203435599,10.));
#3875=CARTESIAN_POINT('Origin',(125.621320343559,14.3943203435599,10.));
#3876=CARTESIAN_POINT('',(125.621320343559,10.6443203435599,0.));
#3877=CARTESIAN_POINT('',(125.621320343559,10.6443203435599,10.));
#3878=CARTESIAN_POINT('',(125.621320343559,18.1443203435599,0.));
#3879=CARTESIAN_POINT('Origin',(125.621320343559,14.3943203435599,0.));
#3880=CARTESIAN_POINT('',(125.621320343559,18.1443203435599,10.));
#3881=CARTESIAN_POINT('Origin',(200.62132034356,18.1443203435599,10.));
#3882=CARTESIAN_POINT('',(200.62132034356,18.1443203435599,0.));
#3883=CARTESIAN_POINT('',(125.621320343559,18.1443203435599,0.));
#3884=CARTESIAN_POINT('',(200.62132034356,18.1443203435599,10.));
#3885=CARTESIAN_POINT('Origin',(200.621320343559,14.3943203435599,10.));
#3886=CARTESIAN_POINT('',(200.621320343559,10.6443203435599,0.));
#3887=CARTESIAN_POINT('Origin',(200.621320343559,14.3943203435599,0.));
#3888=CARTESIAN_POINT('',(200.621320343559,10.6443203435599,10.));
#3889=CARTESIAN_POINT('Origin',(125.621320343559,10.6443203435599,10.));
#3890=CARTESIAN_POINT('',(200.621320343559,10.6443203435599,0.));
#3891=CARTESIAN_POINT('Origin',(200.621320343559,89.3943203435599,10.));
#3892=CARTESIAN_POINT('',(197.121320343559,89.3943203435599,0.));
#3893=CARTESIAN_POINT('Origin',(200.621320343559,89.3943203435599,0.));
#3894=CARTESIAN_POINT('',(197.121320343559,89.3943203435599,10.));
#3895=CARTESIAN_POINT('Origin',(125.621320343559,64.3943203435599,10.));
#3896=CARTESIAN_POINT('',(122.121320343559,64.3943203435599,0.));
#3897=CARTESIAN_POINT('Origin',(125.621320343559,64.3943203435599,0.));
#3898=CARTESIAN_POINT('',(122.121320343559,64.3943203435599,10.));
#3899=CARTESIAN_POINT('Origin',(-0.878679656440298,129.91732034356,10.));
#3900=CARTESIAN_POINT('',(210.62132034356,129.91732034356,0.));
#3901=CARTESIAN_POINT('Origin',(210.62132034356,-0.87867965644036,10.));
#3902=CARTESIAN_POINT('',(210.62132034356,-0.87867965644036,0.));
#3903=CARTESIAN_POINT('Origin',(104.87132034356,64.5193203435599,0.));
#3904=UNCERTAINTY_MEASURE_WITH_UNIT(LENGTH_MEASURE(0.01),#3908,
'DISTANCE_ACCURACY_VALUE',
'Maximum model space distance between geometric entities at asserted c
onnectivities');
#3905=UNCERTAINTY_MEASURE_WITH_UNIT(LENGTH_MEASURE(0.01),#3908,
'DISTANCE_ACCURACY_VALUE',
'Maximum model space distance between geometric entities at asserted c
onnectivities');
#3906=(
GEOMETRIC_REPRESENTATION_CONTEXT(3)
GLOBAL_UNCERTAINTY_ASSIGNED_CONTEXT((#3904))
GLOBAL_UNIT_ASSIGNED_CONTEXT((#3908,#3910,#3911))
REPRESENTATION_CONTEXT('','3D')
);
#3907=(
GEOMETRIC_REPRESENTATION_CONTEXT(3)
GLOBAL_UNCERTAINTY_ASSIGNED_CONTEXT((#3905))
GLOBAL_UNIT_ASSIGNED_CONTEXT((#3908,#3910,#3911))
REPRESENTATION_CONTEXT('','3D')
);
#3908=(
LENGTH_UNIT()
NAMED_UNIT(*)
SI_UNIT(.MILLI.,.METRE.)
);
#3909=(
LENGTH_UNIT()
NAMED_UNIT(*)
SI_UNIT($,.METRE.)
);
#3910=(
NAMED_UNIT(*)
PLANE_ANGLE_UNIT()
SI_UNIT($,.RADIAN.)
);
#3911=(
NAMED_UNIT(*)
SI_UNIT($,.STERADIAN.)
SOLID_ANGLE_UNIT()
);
#3912=SHAPE_DEFINITION_REPRESENTATION(#3913,#3914);
#3913=PRODUCT_DEFINITION_SHAPE('',$,#3916);
#3914=SHAPE_REPRESENTATION('',(#2364),#3906);
#3915=PRODUCT_DEFINITION_CONTEXT('part definition',#3920,'design');
#3916=PRODUCT_DEFINITION('2026-05-13-17-13-53-646',
'Cantilever redesign',#3917,#3915);
#3917=PRODUCT_DEFINITION_FORMATION('',$,#3922);
#3918=PRODUCT_RELATED_PRODUCT_CATEGORY('Cantilever redesign',
'Cantilever redesign',(#3922));
#3919=APPLICATION_PROTOCOL_DEFINITION('international standard',
'automotive_design',2009,#3920);
#3920=APPLICATION_CONTEXT(
'Core Data for Automotive Mechanical Design Process');
#3921=PRODUCT_CONTEXT('part definition',#3920,'mechanical');
#3922=PRODUCT('2026-05-13-17-13-53-646','Cantilever redesign',$,(#3921));
#3923=PRESENTATION_STYLE_ASSIGNMENT((#3924));
#3924=SURFACE_STYLE_USAGE(.BOTH.,#3925);
#3925=SURFACE_SIDE_STYLE('',(#3926));
#3926=SURFACE_STYLE_FILL_AREA(#3927);
#3927=FILL_AREA_STYLE('Steel - Satin',(#3928));
#3928=FILL_AREA_STYLE_COLOUR('Steel - Satin',#3929);
#3929=COLOUR_RGB('Steel - Satin',0.627450980392157,0.627450980392157,0.627450980392157);
ENDSEC;
END-ISO-10303-21;
